player_id,gameweek,position,team_code,n_fixtures,points_roll3,minutes_roll3,xg_roll3,xa_roll3,defcon_roll3,team_elo,opp_elo,team_xg_for_roll5,team_xg_against_roll5,opp_xg_against_roll5,has_double_gw,gkp_saves_roll3,gkp_goals_prevented_roll3,def_clean_sheet_roll5,def_attacking_return_rate,mid_creativity_roll3,mid_threat_roll3,mid_shots_on_target_roll3,mid_touches_box_roll3,fwd_xg_roll3,fwd_shots_on_target_roll3,fwd_touches_box_roll3
1,16,GKP,3,1,3.66667,90,0,0,0,2042.27,1653.79,1.732,0.782,2.08,False,2.66667,0.246667,,,,,,,,,
2,16,GKP,3,1,0,0,0,0,0,2042.27,1653.79,1.732,0.782,2.08,False,0,0,,,,,,,,,
3,16,GKP,3,1,0,0,,,0,2042.27,1653.79,1.732,0.782,2.08,False,0,,,,,,,,,,
4,16,GKP,3,1,0,0,,,0,2042.27,1653.79,1.732,0.782,2.08,False,0,,,,,,,,,,
5,16,DEF,3,1,0,0,,,0,2042.27,1653.79,1.732,0.782,2.08,False,,,0,0,,,,,,,
6,16,DEF,3,1,0,0,,,0,2042.27,1653.79,1.732,0.782,2.08,False,,,0,0,,,,,,,
7,16,DEF,3,1,2.66667,73.3333,0.06,0.0166667,8,2042.27,1653.79,1.732,0.782,2.08,False,,,0.2,0,,,,,,,
8,16,DEF,3,1,2,75.3333,0.176667,0.0133333,6.33333,2042.27,1653.79,1.732,0.782,2.08,False,,,0,0.2,,,,,,,
9,16,DEF,3,1,0,0,,,0,2042.27,1653.79,1.732,0.782,2.08,False,,,0,0,,,,,,,
10,16,DEF,3,1,0.333333,16.3333,0,0.01,1,2042.27,1653.79,1.732,0.782,2.08,False,,,0,0,,,,,,,
11,16,DEF,3,1,5,60,0.0833333,0.133333,6,2042.27,1653.79,1.732,0.782,2.08,False,,,0.2,0.2,,,,,,,
12,16,DEF,17,1,0,0,,,0,1776.16,1826.74,1.258,1.284,1.052,False,,,0,0,,,,,,,
13,16,DEF,3,1,0,0,,,0,2042.27,1653.79,1.732,0.782,2.08,False,,,0,0,,,,,,,
14,16,DEF,3,1,0,0,,,0,2042.27,1653.79,1.732,0.782,2.08,False,,,0,0,,,,,,,
15,16,DEF,3,1,0,0,,,0,2042.27,1653.79,1.732,0.782,2.08,False,,,0,0,,,,,,,
16,16,MID,3,1,5,65.6667,0.39,0.3,4.66667,2042.27,1653.79,1.732,0.782,2.08,False,,,,,21.5667,32.3333,1.66667,6.33333,,,
17,16,MID,3,1,2,71,0.0633333,0.09,6.33333,2042.27,1653.79,1.732,0.782,2.08,False,,,,,29.6667,11,1,1.66667,,,
18,16,MID,3,1,1.66667,34.6667,0.0766667,0.0266667,1.33333,2042.27,1653.79,1.732,0.782,2.08,False,,,,,2.03333,16,0.333333,4.33333,,,
19,16,MID,3,1,1.66667,40,0.0633333,0.01,1,2042.27,1653.79,1.732,0.782,2.08,False,,,,,5.06667,5.66667,0.333333,1.66667,,,
20,16,MID,3,1,2,13.3333,0.45,0.01,0.666667,2042.27,1653.79,1.732,0.782,2.08,False,,,,,0.2,19.3333,2,5,,,
21,16,MID,3,1,4.33333,87.3333,0.0866667,0.113333,12.6667,2042.27,1653.79,1.732,0.782,2.08,False,,,,,32.6,9.33333,0.666667,1.33333,,,
22,16,MID,3,1,7.66667,75,0.463333,0.0666667,6.33333,2042.27,1653.79,1.732,0.782,2.08,False,,,,,9.9,22,1,3,,,
23,16,MID,3,1,0,0,,,0,2042.27,1653.79,1.732,0.782,2.08,False,,,,,0,0,,,,,
24,16,MID,3,1,0,0,0,0,0,2042.27,1653.79,1.732,0.782,2.08,False,,,,,0,0,0,0,,,
25,16,MID,3,1,0,0,0,0,0,2042.27,1653.79,1.732,0.782,2.08,False,,,,,0,0,0,0,,,
26,16,MID,3,1,1.66667,78.6667,0,0.0166667,7,2042.27,1653.79,1.732,0.782,2.08,False,,,,,6.1,0,0,0,,,
27,16,MID,94,1,0.333333,5,0,0,1.33333,1812.33,1731.86,1.59,1.296,2.03,False,,,,,0.0666667,0,0,0,,,
28,16,MID,3,1,0,0,,,0,2042.27,1653.79,1.732,0.782,2.08,False,,,,,0,0,,,,,
29,16,MID,3,1,0,0,,,0,2042.27,1653.79,1.732,0.782,2.08,False,,,,,0,0,,,,,
30,16,FWD,3,1,0,0,,,0,2042.27,1653.79,1.732,0.782,2.08,False,,,,,,,,,,,
31,16,FWD,3,1,0,0,,,0,2042.27,1653.79,1.732,0.782,2.08,False,,,,,,,,,,,
32,16,GKP,7,1,3.66667,60,0,0,0,1912.17,1740.52,1.85,1.486,2.004,False,3.66667,0.93,,,,,,,,,
33,16,GKP,7,1,0.333333,30,0,0,0,1912.17,1740.52,1.85,1.486,2.004,False,1.33333,0.095,,,,,,,,,
34,16,GKP,7,1,0,0,,,0,1912.17,1740.52,1.85,1.486,2.004,False,0,,,,,,,,,,
35,16,GKP,7,1,0,0,,,0,1912.17,1740.52,1.85,1.486,2.004,False,0,,,,,,,,,,
36,16,DEF,7,1,6.33333,88.6667,0.0866667,0.13,6.33333,1912.17,1740.52,1.85,1.486,2.004,False,,,0.4,0.4,,,,,,,
37,16,DEF,7,1,2.66667,36.6667,0.03,0.045,2,1912.17,1740.52,1.85,1.486,2.004,False,,,0.4,0.2,,,,,,,
38,16,DEF,7,1,3.66667,90,0.09,0.0166667,6.33333,1912.17,1740.52,1.85,1.486,2.004,False,,,0.4,0,,,,,,,
39,16,DEF,7,1,1,53,0.0366667,0.176667,4,1912.17,1740.52,1.85,1.486,2.004,False,,,0,0,,,,,,,
40,16,DEF,7,1,0,0,,,0,1912.17,1740.52,1.85,1.486,2.004,False,,,0,0,,,,,,,
41,16,DEF,7,1,3.33333,88.3333,0.0166667,0.0166667,6,1912.17,1740.52,1.85,1.486,2.004,False,,,0.4,0.2,,,,,,,
42,16,DEF,7,1,0,0,,,0,1912.17,1740.52,1.85,1.486,2.004,False,,,0,0,,,,,,,
43,16,DEF,7,1,0,0,,,0,1912.17,1740.52,1.85,1.486,2.004,False,,,0,0,,,,,,,
44,16,DEF,7,1,1,7,0,0.00333333,1,1912.17,1740.52,1.85,1.486,2.004,False,,,0,0,,,,,,,
45,16,DEF,7,1,0,0,,,0,1912.17,1740.52,1.85,1.486,2.004,False,,,0,0,,,,,,,
46,16,DEF,7,1,0,0,,,0,1912.17,1740.52,1.85,1.486,2.004,False,,,0,0,,,,,,,
47,16,MID,7,1,3.66667,90,0.0366667,0.156667,6.33333,1912.17,1740.52,1.85,1.486,2.004,False,,,,,23.8667,24,0.666667,4.33333,,,
48,16,MID,7,1,2,61.3333,0.14,0.203333,8.66667,1912.17,1740.52,1.85,1.486,2.004,False,,,,,19.8333,23.3333,1,2,,,
49,16,MID,7,1,0,0,,,0,1912.17,1740.52,1.85,1.486,2.004,False,,,,,0,0,,,,,
50,16,MID,7,1,2.66667,20,0.17,0.08,0.333333,1912.17,1740.52,1.85,1.486,2.004,False,,,,,8.13333,14.6667,0.333333,3.33333,,,
51,16,MID,7,1,0,0,,,0,1912.17,1740.52,1.85,1.486,2.004,False,,,,,0,0,,,,,
52,16,MID,4,1,0.666667,36.3333,0.155,0.155,4,1880.38,1658.87,1.688,1.646,1.908,False,,,,,9.8,12.3333,0.5,5,,,
53,16,MID,7,1,3.33333,37,0.37,0.00666667,0,1912.17,1740.52,1.85,1.486,2.004,False,,,,,0.766667,29.3333,1,4,,,
54,16,MID,7,1,4,80,0.0166667,0.0433333,8.33333,1912.17,1740.52,1.85,1.486,2.004,False,,,,,22.7333,6.33333,0,2,,,
55,16,MID,7,1,0.333333,4,0,0,0,1912.17,1740.52,1.85,1.486,2.004,False,,,,,0.1,0,0,0,,,
56,16,MID,7,1,0,0,,,0,1912.17,1740.52,1.85,1.486,2.004,False,,,,,0,0,,,,,
57,16,MID,7,1,0,0,,,0,1912.17,1740.52,1.85,1.486,2.004,False,,,,,0,0,,,,,
58,16,MID,7,1,7.66667,82,0.05,0.0266667,6.33333,1912.17,1740.52,1.85,1.486,2.004,False,,,,,12.2333,6,0.333333,1.33333,,,
59,16,MID,7,1,4.66667,59.6667,0.0566667,0.01,10.3333,1912.17,1740.52,1.85,1.486,2.004,False,,,,,1.23333,12,0.333333,0.666667,,,
60,16,MID,7,1,0,0,,,0,1912.17,1740.52,1.85,1.486,2.004,False,,,,,0,0,,,,,
61,16,MID,7,1,0,0,,,0,1912.17,1740.52,1.85,1.486,2.004,False,,,,,0,0,,,,,
62,16,MID,7,1,0,0,,,0,1912.17,1740.52,1.85,1.486,2.004,False,,,,,0,0,,,,,
63,16,MID,7,1,0,0,,,0,1912.17,1740.52,1.85,1.486,2.004,False,,,,,0,0,,,,,
64,16,FWD,7,1,5.33333,62,0.656667,0.13,3.66667,1912.17,1740.52,1.85,1.486,2.004,False,,,,,,,,,0.656667,1.66667,5
65,16,FWD,7,1,0,0,,,0,1912.17,1740.52,1.85,1.486,2.004,False,,,,,,,,,,,
66,16,GKP,91,1,0,0,,,0,1806.95,1835.53,1.86,1.172,0.832,False,0,,,,,,,,,,
67,16,GKP,91,1,3.66667,90,0,0,0,1806.95,1835.53,1.86,1.172,0.832,False,3,-0.226667,,,,,,,,,
68,16,GKP,91,1,0,0,0,0,0,1806.95,1835.53,1.86,1.172,0.832,False,0,0,,,,,,,,,
69,16,GKP,91,1,0,0,,,0,1806.95,1835.53,1.86,1.172,0.832,False,0,,,,,,,,,,
70,16,GKP,91,1,0,0,,,0,1806.95,1835.53,1.86,1.172,0.832,False,0,,,,,,,,,,
71,16,DEF,91,1,0,0,,,0,1806.95,1835.53,1.86,1.172,0.832,False,,,0,0,,,,,,,
72,16,DEF,91,1,3.33333,50.3333,0,0.175,8.33333,1806.95,1835.53,1.86,1.172,0.832,False,,,0.2,0.2,,,,,,,
73,16,DEF,91,1,2.33333,56.3333,0,0.005,3,1806.95,1835.53,1.86,1.172,0.832,False,,,0.2,0,,,,,,,
74,16,DEF,91,1,3.66667,90,0.0233333,0.0466667,9.33333,1806.95,1835.53,1.86,1.172,0.832,False,,,0.2,0,,,,,,,
75,16,DEF,91,1,0,0,,,0,1806.95,1835.53,1.86,1.172,0.832,False,,,0,0,,,,,,,
76,16,DEF,91,1,0,0,,,0,1806.95,1835.53,1.86,1.172,0.832,False,,,0,0,,,,,,,
77,16,DEF,91,1,0.333333,9.33333,0,0,1,1806.95,1835.53,1.86,1.172,0.832,False,,,0,0,,,,,,,
78,16,DEF,91,1,0,0,,,0,1806.95,1835.53,1.86,1.172,0.832,False,,,0,0,,,,,,,
79,16,DEF,91,1,0,0,,,0,1806.95,1835.53,1.86,1.172,0.832,False,,,0,0,,,,,,,
80,16,DEF,91,1,0.333333,6.66667,0,0,0,1806.95,1835.53,1.86,1.172,0.832,False,,,0,0,,,,,,,
81,16,MID,91,1,2,53.6667,0,0.126667,3,1806.95,1835.53,1.86,1.172,0.832,False,,,,,10.7333,3.33333,0,1.33333,,,
82,16,MID,91,1,2.66667,90,0.183333,0.246667,8,1806.95,1835.53,1.86,1.172,0.832,False,,,,,30.2667,44,1.66667,7.33333,,,
83,16,MID,94,1,6,89,0.263333,0.0833333,8.66667,1812.33,1731.86,1.59,1.296,2.03,False,,,,,11,14.3333,0.333333,3,,,
84,16,MID,91,1,2.33333,70,0.133333,0.06,7.66667,1806.95,1835.53,1.86,1.172,0.832,False,,,,,18.7667,11,0.333333,2.66667,,,
85,16,MID,91,1,3.33333,53.3333,0.015,0.015,4.66667,1806.95,1835.53,1.86,1.172,0.832,False,,,,,1.4,5,0.5,0.5,,,
86,16,MID,91,1,0.333333,11.6667,0.015,0.065,0.333333,1806.95,1835.53,1.86,1.172,0.832,False,,,,,2.33333,7,0.5,1.5,,,
87,16,MID,91,1,0,0,,,0,1806.95,1835.53,1.86,1.172,0.832,False,,,,,0,0,,,,,
88,16,MID,91,1,-0.666667,15,0,0.02,2.66667,1806.95,1835.53,1.86,1.172,0.832,False,,,,,0.933333,1.33333,0,2,,,
89,16,MID,91,1,0,0,,,0,1806.95,1835.53,1.86,1.172,0.832,False,,,,,0,0,,,,,
90,16,MID,91,1,3,71.3333,0.0366667,0.0133333,11,1806.95,1835.53,1.86,1.172,0.832,False,,,,,5.1,9.66667,0.333333,2,,,
91,16,MID,91,1,0,0,,,0,1806.95,1835.53,1.86,1.172,0.832,False,,,,,0,0,,,,,
92,16,MID,91,1,0,0,,,0,1806.95,1835.53,1.86,1.172,0.832,False,,,,,0,0,,,,,
93,16,MID,91,1,0,0,,,0,1806.95,1835.53,1.86,1.172,0.832,False,,,,,0,0,,,,,
94,16,MID,91,1,0,0,,,0,1806.95,1835.53,1.86,1.172,0.832,False,,,,,0,0,,,,,
95,16,MID,91,1,0,0,,,0,1806.95,1835.53,1.86,1.172,0.832,False,,,,,0,0,,,,,
96,16,MID,91,1,0,0,,,0,1806.95,1835.53,1.86,1.172,0.832,False,,,,,0,0,,,,,
97,16,FWD,91,1,2.66667,64.6667,0.6,0.04,2.33333,1806.95,1835.53,1.86,1.172,0.832,False,,,,,,,,,0.6,0.666667,2.33333
98,16,FWD,91,1,0.666667,7.66667,0.0166667,0.0133333,0.333333,1806.95,1835.53,1.86,1.172,0.832,False,,,,,,,,,0.0166667,0,0.333333
99,16,FWD,91,1,0,0,,,0,1806.95,1835.53,1.86,1.172,0.832,False,,,,,,,,,,,
100,16,FWD,91,1,1,23.3333,0,0,1,1806.95,1835.53,1.86,1.172,0.832,False,,,,,,,,,0,0,2
101,16,GKP,94,1,2,90,0,0.00333333,0,1812.33,1731.86,1.59,1.296,2.03,False,3.66667,0.0766667,,,,,,,,,
102,16,GKP,94,1,0,0,,,0,1812.33,1731.86,1.59,1.296,2.03,False,0,,,,,,,,,,
103,16,GKP,94,1,0,0,,,0,1812.33,1731.86,1.59,1.296,2.03,False,0,,,,,,,,,,
104,16,GKP,94,1,0,0,,,0,1812.33,1731.86,1.59,1.296,2.03,False,0,,,,,,,,,,
105,16,GKP,94,1,0,0,0,0,0,1812.33,1731.86,1.59,1.296,2.03,False,0,0,,,,,,,,,
106,16,DEF,94,1,2.66667,65.3333,0.213333,0.0166667,11.3333,1812.33,1731.86,1.59,1.296,2.03,False,,,0,0,,,,,,,
107,16,DEF,94,1,1,6.33333,0.0166667,0.00333333,0,1812.33,1731.86,1.59,1.296,2.03,False,,,0,0,,,,,,,
108,16,DEF,94,1,0,45,0,0.00333333,3,1812.33,1731.86,1.59,1.296,2.03,False,,,0,0,,,,,,,
109,16,DEF,94,1,1.33333,44.6667,0.00333333,0.0133333,2.33333,1812.33,1731.86,1.59,1.296,2.03,False,,,0,0,,,,,,,
110,16,DEF,94,1,1,85,0,0.0533333,8.66667,1812.33,1731.86,1.59,1.296,2.03,False,,,0,0.2,,,,,,,
111,16,DEF,94,1,1.33333,24.3333,0,0.01,4.66667,1812.33,1731.86,1.59,1.296,2.03,False,,,0,0,,,,,,,
112,16,DEF,94,1,0,0,,,0,1812.33,1731.86,1.59,1.296,2.03,False,,,0,0,,,,,,,
113,16,DEF,94,1,1.33333,90,0.0366667,0.00666667,6.66667,1812.33,1731.86,1.59,1.296,2.03,False,,,0,0,,,,,,,
114,16,DEF,94,1,0,0,,,0,1812.33,1731.86,1.59,1.296,2.03,False,,,0,0,,,,,,,
115,16,DEF,94,1,0,0,,,0,1812.33,1731.86,1.59,1.296,2.03,False,,,0,0,,,,,,,
116,16,DEF,94,1,3,29,0.105,0.02,3.33333,1812.33,1731.86,1.59,1.296,2.03,False,,,0.2,0,,,,,,,
117,16,DEF,94,1,0,0,,,0,1812.33,1731.86,1.59,1.296,2.03,False,,,0,0,,,,,,,
118,16,DEF,94,1,0,0,,,0,1812.33,1731.86,1.59,1.296,2.03,False,,,0,0,,,,,,,
119,16,MID,1,1,3.66667,90,0.543333,0.0433333,6.66667,1835.53,1806.95,1.886,0.832,1.172,False,,,,,20.9333,43.6667,2.33333,5,,,
120,16,MID,94,1,1.66667,74.3333,0.0766667,0.0233333,5.66667,1812.33,1731.86,1.59,1.296,2.03,False,,,,,9.63333,14.3333,0.333333,2,,,
121,16,MID,94,1,2.33333,59.6667,0.0566667,0.18,7.66667,1812.33,1731.86,1.59,1.296,2.03,False,,,,,19.6667,7.33333,0.333333,2,,,
122,16,MID,94,1,0,0,,,0,1812.33,1731.86,1.59,1.296,2.03,False,,,,,0,0,,,,,
123,16,MID,94,1,0,0,,,0,1812.33,1731.86,1.59,1.296,2.03,False,,,,,0,0,,,,,
124,16,MID,94,1,4.33333,69.6667,0,0.0766667,9.66667,1812.33,1731.86,1.59,1.296,2.03,False,,,,,13.5,0.666667,0,0.333333,,,
125,16,MID,94,1,1,24.6667,0.01,0.06,2.33333,1812.33,1731.86,1.59,1.296,2.03,False,,,,,9,3.66667,0,1,,,
126,16,MID,94,1,1.66667,57.6667,0,0.01,4,1812.33,1731.86,1.59,1.296,2.03,False,,,,,7.06667,0.666667,0,0.333333,,,
127,16,MID,94,1,0,0,,,0,1812.33,1731.86,1.59,1.296,2.03,False,,,,,0,0,,,,,
128,16,MID,94,1,0,0,0,0,0,1812.33,1731.86,1.59,1.296,2.03,False,,,,,0,0,0,0,,,
129,16,MID,94,1,1,56.6667,0,0.00666667,5.33333,1812.33,1731.86,1.59,1.296,2.03,False,,,,,1.26667,0,0,0,,,
130,16,MID,94,1,0,0,,,0,1812.33,1731.86,1.59,1.296,2.03,False,,,,,0,0,,,,,
131,16,MID,94,1,0,0,,,0,1812.33,1731.86,1.59,1.296,2.03,False,,,,,0,0,,,,,
132,16,MID,94,1,0,0,,,0,1812.33,1731.86,1.59,1.296,2.03,False,,,,,0,0,,,,,
133,16,MID,94,1,0,0,,,0,1812.33,1731.86,1.59,1.296,2.03,False,,,,,0,0,,,,,
134,16,MID,94,1,0,0,,,0,1812.33,1731.86,1.59,1.296,2.03,False,,,,,0,0,,,,,
135,16,FWD,4,1,0.333333,5.33333,0,0.06,0.333333,1880.38,1658.87,1.688,1.646,1.908,False,,,,,,,,,0,0,2
136,16,FWD,94,1,5.33333,70,0.48,0.01,4,1812.33,1731.86,1.59,1.296,2.03,False,,,,,,,,,0.48,1,5
137,16,FWD,94,1,0,0,,,0,1812.33,1731.86,1.59,1.296,2.03,False,,,,,,,,,,,
138,16,GKP,36,1,0,0,0,0,0,1847.02,1933.28,1.436,1.49,1.062,False,0,0,,,,,,,,,
139,16,GKP,36,1,3.66667,90,0,0,0,1847.02,1933.28,1.436,1.49,1.062,False,4.33333,0.48,,,,,,,,,
140,16,GKP,36,1,0,0,,,0,1847.02,1933.28,1.436,1.49,1.062,False,0,,,,,,,,,,
141,16,GKP,36,1,0,0,,,0,1847.02,1933.28,1.436,1.49,1.062,False,0,,,,,,,,,,
142,16,GKP,36,1,0,0,,,0,1847.02,1933.28,1.436,1.49,1.062,False,0,,,,,,,,,,
143,16,DEF,36,1,0.333333,2.33333,0,0.02,0,1847.02,1933.28,1.436,1.49,1.062,False,,,0,0,,,,,,,
144,16,DEF,36,1,0,0,0,0,0,1847.02,1933.28,1.436,1.49,1.062,False,,,0,0,,,,,,,
145,16,DEF,36,1,7.66667,81.3333,0.206667,0.283333,2,1847.02,1933.28,1.436,1.49,1.062,False,,,0.4,0.2,,,,,,,
146,16,DEF,36,1,2.33333,90,0.00333333,0.0133333,6.33333,1847.02,1933.28,1.436,1.49,1.062,False,,,0.4,0,,,,,,,
147,16,DEF,36,1,0,0,,,0,1847.02,1933.28,1.436,1.49,1.062,False,,,0,0,,,,,,,
148,16,DEF,36,1,3,79.3333,0.0566667,0.0466667,4.33333,1847.02,1933.28,1.436,1.49,1.062,False,,,0.4,0,,,,,,,
149,16,DEF,21,1,0,0,0,0,0,1740.52,1912.17,1.178,2.004,1.486,False,,,0,0,,,,,,,
150,16,DEF,36,1,0,0,,,0,1847.02,1933.28,1.436,1.49,1.062,False,,,0,0,,,,,,,
151,16,DEF,36,1,7.66667,90,0.366667,0.0633333,5.33333,1847.02,1933.28,1.436,1.49,1.062,False,,,0.4,0.6,,,,,,,
152,16,DEF,36,1,0.666667,6,0,0,1,1847.02,1933.28,1.436,1.49,1.062,False,,,0,0,,,,,,,
153,16,DEF,36,1,0,0,,,0,1847.02,1933.28,1.436,1.49,1.062,False,,,0,0,,,,,,,
154,16,DEF,36,1,0,0,,,0,1847.02,1933.28,1.436,1.49,1.062,False,,,0,0,,,,,,,
155,16,DEF,36,1,0,0,,,0,1847.02,1933.28,1.436,1.49,1.062,False,,,0,0,,,,,,,
156,16,DEF,36,1,0,0,,,0,1847.02,1933.28,1.436,1.49,1.062,False,,,0,0,,,,,,,
157,16,MID,36,1,0,0,,,0,1847.02,1933.28,1.436,1.49,1.062,False,,,,,0,0,,,,,
158,16,MID,36,1,4,48.3333,0.52,0.125,4.33333,1847.02,1933.28,1.436,1.49,1.062,False,,,,,8.53333,34,1,8.5,,,
159,16,MID,36,1,0,0,,,0,1847.02,1933.28,1.436,1.49,1.062,False,,,,,0,0,,,,,
160,16,MID,36,1,2.66667,81.3333,0.06,0.143333,5.33333,1847.02,1933.28,1.436,1.49,1.062,False,,,,,28.5333,17.3333,0.333333,6.33333,,,
161,16,MID,36,1,0,0,,,0,1847.02,1933.28,1.436,1.49,1.062,False,,,,,0,0,,,,,
162,16,MID,36,1,1.33333,33.3333,0.0333333,0.07,3.33333,1847.02,1933.28,1.436,1.49,1.062,False,,,,,15.3,3.33333,0.333333,0,,,
163,16,MID,36,1,3.33333,43.3333,0.106667,0.0433333,4.33333,1847.02,1933.28,1.436,1.49,1.062,False,,,,,10.1,7.33333,0,1.66667,,,
164,16,MID,36,1,0,0,,,0,1847.02,1933.28,1.436,1.49,1.062,False,,,,,0,0,,,,,
165,16,MID,36,1,0,0,,,0,1847.02,1933.28,1.436,1.49,1.062,False,,,,,0,0,,,,,
166,16,MID,36,1,1,30,0.09,0.01,3.66667,1847.02,1933.28,1.436,1.49,1.062,False,,,,,0.5,0.666667,0,0,,,
167,16,MID,36,1,2,47.3333,0,0.0133333,7,1847.02,1933.28,1.436,1.49,1.062,False,,,,,2.23333,0,0,0,,,
168,16,MID,8,1,0,0,,,0,1895.75,1817.24,1.562,1.212,1.016,False,,,,,0,0,,,,,
169,16,MID,36,1,2,87.6667,0.19,0.12,9.66667,1847.02,1933.28,1.436,1.49,1.062,False,,,,,15.8667,14,0.666667,2.66667,,,
170,16,MID,36,1,0,0,,,0,1847.02,1933.28,1.436,1.49,1.062,False,,,,,0,0,,,,,
171,16,MID,36,1,0,0,,,0,1847.02,1933.28,1.436,1.49,1.062,False,,,,,0,0,,,,,
172,16,MID,36,1,0,0,,,0,1847.02,1933.28,1.436,1.49,1.062,False,,,,,0,0,,,,,
173,16,MID,36,1,4.66667,90,0.243333,0.0333333,15.3333,1847.02,1933.28,1.436,1.49,1.062,False,,,,,22.2,10,0,3,,,
174,16,MID,36,1,0,0,,,0,1847.02,1933.28,1.436,1.49,1.062,False,,,,,0,0,,,,,
175,16,MID,36,1,0,0,,,0,1847.02,1933.28,1.436,1.49,1.062,False,,,,,0,0,,,,,
176,16,MID,36,1,0,0,,,0,1847.02,1933.28,1.436,1.49,1.062,False,,,,,0,0,,,,,
177,16,MID,36,1,0,0,,,0,1847.02,1933.28,1.436,1.49,1.062,False,,,,,0,0,,,,,
178,16,FWD,36,1,1.66667,59,0.243333,0.01,3.66667,1847.02,1933.28,1.436,1.49,1.062,False,,,,,,,,,0.243333,0.666667,3.66667
179,16,FWD,36,1,0,0,,,0,1847.02,1933.28,1.436,1.49,1.062,False,,,,,,,,,,,
180,16,FWD,36,1,2,16,0.045,0,2,1847.02,1933.28,1.436,1.49,1.062,False,,,,,,,,,0.045,0.5,1
181,16,FWD,36,1,0.666667,10.3333,0.103333,0.00666667,2,1847.02,1933.28,1.436,1.49,1.062,False,,,,,,,,,0.103333,0.666667,3
182,16,GKP,43,1,0,0,0,0,0,1983.81,1855.57,2.324,1.206,1.008,False,0,0,,,,,,,,,
183,16,GKP,90,1,0,0,0,0,0,1702.69,1777.06,0.988,2.056,1.266,False,0,0,,,,,,,,,
184,16,GKP,90,1,0,0,,,0,1702.69,1777.06,0.988,2.056,1.266,False,0,,,,,,,,,,
185,16,GKP,90,1,0,0,,,0,1702.69,1777.06,0.988,2.056,1.266,False,0,,,,,,,,,,
186,16,DEF,90,1,0,0,,,0,1702.69,1777.06,0.988,2.056,1.266,False,,,0,0,,,,,,,
187,16,DEF,90,1,1.66667,90,0,0.01,6.66667,1702.69,1777.06,0.988,2.056,1.266,False,,,0,0,,,,,,,
188,16,DEF,90,1,0,0,,,0,1702.69,1777.06,0.988,2.056,1.266,False,,,0,0,,,,,,,
189,16,DEF,90,1,0,0,,,0,1702.69,1777.06,0.988,2.056,1.266,False,,,0,0,,,,,,,
190,16,DEF,90,1,1.66667,60,0.01,0.0133333,8.33333,1702.69,1777.06,0.988,2.056,1.266,False,,,0,0,,,,,,,
191,16,DEF,90,1,3.33333,90,0,0.0133333,13,1702.69,1777.06,0.988,2.056,1.266,False,,,0,0,,,,,,,
192,16,DEF,90,1,1.66667,60,0.01,0.035,5.33333,1702.69,1777.06,0.988,2.056,1.266,False,,,0,0,,,,,,,
193,16,DEF,90,1,0,0,,,0,1702.69,1777.06,0.988,2.056,1.266,False,,,0,0,,,,,,,
194,16,DEF,90,1,0,0,,,0,1702.69,1777.06,0.988,2.056,1.266,False,,,0,0,,,,,,,
195,16,DEF,90,1,-1,14,0,0.02,0.333333,1702.69,1777.06,0.988,2.056,1.266,False,,,0,0,,,,,,,
196,16,DEF,90,1,0,0,,,0,1702.69,1777.06,0.988,2.056,1.266,False,,,0,0,,,,,,,
197,16,DEF,90,1,0,0,,,0,1702.69,1777.06,0.988,2.056,1.266,False,,,0,0,,,,,,,
198,16,DEF,90,1,0,30,0,0.01,2.33333,1702.69,1777.06,0.988,2.056,1.266,False,,,0,0,,,,,,,
199,16,DEF,90,1,0.333333,15,0,0.01,2.66667,1702.69,1777.06,0.988,2.056,1.266,False,,,0,0,,,,,,,
200,16,MID,90,1,2,25.3333,0.0133333,0.0133333,2,1702.69,1777.06,0.988,2.056,1.266,False,,,,,6.2,7.66667,0.333333,1.66667,,,
201,16,MID,90,1,0,0,,,0,1702.69,1777.06,0.988,2.056,1.266,False,,,,,0,0,,,,,
202,16,MID,90,1,1.33333,48.3333,0.06,0.0433333,4.33333,1702.69,1777.06,0.988,2.056,1.266,False,,,,,9.5,10,0.333333,1.66667,,,
203,16,MID,90,1,0,0,,,0,1702.69,1777.06,0.988,2.056,1.266,False,,,,,0,0,,,,,
204,16,MID,90,1,0,0,,,0,1702.69,1777.06,0.988,2.056,1.266,False,,,,,0,0,,,,,
205,16,MID,90,1,2.66667,83.3333,0.0466667,0.113333,9.33333,1702.69,1777.06,0.988,2.056,1.266,False,,,,,6.43333,3,0.333333,0,,,
206,16,MID,90,1,0.666667,11,0.0533333,0.0333333,0.666667,1702.69,1777.06,0.988,2.056,1.266,False,,,,,9.63333,2.66667,0,1,,,
207,16,MID,90,1,0.333333,30,0.045,0.105,2.66667,1702.69,1777.06,0.988,2.056,1.266,False,,,,,11.5667,2.66667,0,1,,,
208,16,MID,90,1,0,0,,,0,1702.69,1777.06,0.988,2.056,1.266,False,,,,,0,0,,,,,
209,16,MID,90,1,0.333333,13.3333,0,0.015,2,1702.69,1777.06,0.988,2.056,1.266,False,,,,,5.56667,0,0,0,,,
210,16,MID,90,1,1.33333,39.6667,0,0.02,2.33333,1702.69,1777.06,0.988,2.056,1.266,False,,,,,1.5,4,0,3,,,
211,16,MID,90,1,0,0,,,0,1702.69,1777.06,0.988,2.056,1.266,False,,,,,0,0,,,,,
212,16,MID,90,1,0,0,,,0,1702.69,1777.06,0.988,2.056,1.266,False,,,,,0,0,,,,,
213,16,MID,90,1,0,0,,,0,1702.69,1777.06,0.988,2.056,1.266,False,,,,,0,0,,,,,
214,16,MID,90,1,0,0,,,0,1702.69,1777.06,0.988,2.056,1.266,False,,,,,0,0,,,,,
215,16,FWD,90,1,4,50.6667,0.646667,0.01,2,1702.69,1777.06,0.988,2.056,1.266,False,,,,,,,,,0.646667,1.33333,2.33333
216,16,FWD,90,1,0,0,,,0,1702.69,1777.06,0.988,2.056,1.266,False,,,,,,,,,,,
217,16,FWD,90,1,1.66667,69.6667,0.09,0.0266667,3.66667,1702.69,1777.06,0.988,2.056,1.266,False,,,,,,,,,0.09,0,4.66667
218,16,FWD,90,1,0,0,,,0,1702.69,1777.06,0.988,2.056,1.266,False,,,,,,,,,,,
219,16,FWD,90,1,0,0,,,0,1702.69,1777.06,0.988,2.056,1.266,False,,,,,,,,,,,
220,16,GKP,8,1,4.66667,90,0,0.00333333,0,1895.75,1817.24,1.562,1.212,1.016,False,3.33333,0.41,,,,,,,,,
221,16,GKP,8,1,0,0,0,0,0,1895.75,1817.24,1.562,1.212,1.016,False,0,0,,,,,,,,,
222,16,GKP,8,1,0,0,,,0,1895.75,1817.24,1.562,1.212,1.016,False,0,,,,,,,,,,
223,16,GKP,8,1,0,0,,,0,1895.75,1817.24,1.562,1.212,1.016,False,0,,,,,,,,,,
224,16,DEF,8,1,2.66667,90,0.0166667,0.166667,6.66667,1895.75,1817.24,1.562,1.212,1.016,False,,,0.6,0,,,,,,,
225,16,DEF,8,1,4.66667,60,0.01,0.09,4,1895.75,1817.24,1.562,1.212,1.016,False,,,0.2,0.2,,,,,,,
226,16,DEF,8,1,7,90,0.02,0.0133333,8.66667,1895.75,1817.24,1.562,1.212,1.016,False,,,0.6,0.2,,,,,,,
227,16,DEF,8,1,0,0,,,0,1895.75,1817.24,1.562,1.212,1.016,False,,,0,0,,,,,,,
228,16,DEF,8,1,3.33333,75,0,0.0366667,6,1895.75,1817.24,1.562,1.212,1.016,False,,,0.4,0.2,,,,,,,
229,16,DEF,8,1,0,15,0,0,1.33333,1895.75,1817.24,1.562,1.212,1.016,False,,,0,0,,,,,,,
230,16,DEF,8,1,4.33333,60,0.06,0,9.33333,1895.75,1817.24,1.562,1.212,1.016,False,,,0.4,0,,,,,,,
231,16,DEF,8,1,0,0,,,0,1895.75,1817.24,1.562,1.212,1.016,False,,,0,0,,,,,,,
232,16,DEF,8,1,1,30,0.03,0.005,4.66667,1895.75,1817.24,1.562,1.212,1.016,False,,,0.2,0,,,,,,,
233,16,DEF,8,1,0,0,0,0,0,1895.75,1817.24,1.562,1.212,1.016,False,,,0,0,,,,,,,
234,16,DEF,8,1,0,0,,,0,1895.75,1817.24,1.562,1.212,1.016,False,,,0,0,,,,,,,
235,16,MID,8,1,0.666667,28.6667,0.07,0.00666667,4,1895.75,1817.24,1.562,1.212,1.016,False,,,,,6.33333,4.33333,0.333333,0.666667,,,
236,16,MID,8,1,3.33333,75,0.126667,0.106667,3.33333,1895.75,1817.24,1.562,1.212,1.016,False,,,,,23.1667,23.6667,0.666667,3,,,
237,16,MID,8,1,2.33333,90,0.153333,0.21,6.33333,1895.75,1817.24,1.562,1.212,1.016,False,,,,,19.8667,12.3333,0.666667,1.66667,,,
238,16,MID,8,1,0.666667,34.3333,0.06,0.0333333,1.66667,1895.75,1817.24,1.562,1.212,1.016,False,,,,,14.4,5,0,1.66667,,,
239,16,MID,8,1,1.66667,20,0.02,0.2,0.666667,1895.75,1817.24,1.562,1.212,1.016,False,,,,,7.1,4.33333,0,2.5,,,
240,16,MID,8,1,0,0,,,0,1895.75,1817.24,1.562,1.212,1.016,False,,,,,0,0,,,,,
241,16,MID,8,1,-0.666667,12.3333,0,0.01,2,1895.75,1817.24,1.562,1.212,1.016,False,,,,,0.6,0,0,0,,,
242,16,MID,11,1,8.66667,90,0.223333,0.113333,11,1817.24,1895.75,1.014,1.016,1.212,False,,,,,9.93333,28.6667,1,4.66667,,,
243,16,MID,8,1,0,0,,,0,1895.75,1817.24,1.562,1.212,1.016,False,,,,,0,0,,,,,
244,16,MID,8,1,0,0,,,0,1895.75,1817.24,1.562,1.212,1.016,False,,,,,0,0,,,,,
245,16,MID,8,1,0,0,,,0,1895.75,1817.24,1.562,1.212,1.016,False,,,,,0,0,,,,,
246,16,MID,8,1,0.666667,25.3333,0,0.015,3,1895.75,1817.24,1.562,1.212,1.016,False,,,,,1.83333,0,0,0,,,
247,16,MID,8,1,0,0,,,0,1895.75,1817.24,1.562,1.212,1.016,False,,,,,0,0,,,,,
248,16,MID,8,1,0,0,,,0,1895.75,1817.24,1.562,1.212,1.016,False,,,,,0,0,,,,,
249,16,FWD,8,1,1.33333,58.6667,0.133333,0.126667,4,1895.75,1817.24,1.562,1.212,1.016,False,,,,,,,,,0.133333,0.333333,3.33333
250,16,FWD,8,1,1.33333,42,0.14,0.00333333,0.666667,1895.75,1817.24,1.562,1.212,1.016,False,,,,,,,,,0.14,0.666667,3.66667
251,16,FWD,8,1,0,0,,,0,1895.75,1817.24,1.562,1.212,1.016,False,,,,,,,,,,,
252,16,FWD,8,1,0.333333,23.6667,0.13,0.01,1.33333,1895.75,1817.24,1.562,1.212,1.016,False,,,,,,,,,0.13,0.5,2.5
253,16,GKP,31,1,4,90,0,0.00333333,0,1855.57,1983.81,1.218,1.008,1.206,False,3.33333,0.0666667,,,,,,,,,
254,16,GKP,31,1,0,0,0,0,0,1855.57,1983.81,1.218,1.008,1.206,False,0,0,,,,,,,,,
255,16,GKP,31,1,0,0,,,0,1855.57,1983.81,1.218,1.008,1.206,False,0,,,,,,,,,,
256,16,DEF,31,1,5,60,0.195,0.09,4.66667,1855.57,1983.81,1.218,1.008,1.206,False,,,0.6,0.4,,,,,,,
257,16,DEF,31,1,4.33333,90,0.0266667,0,11.3333,1855.57,1983.81,1.218,1.008,1.206,False,,,0.6,0.2,,,,,,,
258,16,DEF,31,1,3,88,0,0.04,6.66667,1855.57,1983.81,1.218,1.008,1.206,False,,,0.6,0,,,,,,,
259,16,DEF,31,1,0,0,,,0,1855.57,1983.81,1.218,1.008,1.206,False,,,0,0,,,,,,,
260,16,DEF,31,1,7.33333,90,0.0733333,0.123333,7.66667,1855.57,1983.81,1.218,1.008,1.206,False,,,0.4,0.4,,,,,,,
261,16,DEF,31,1,4.66667,90,0.0133333,0.0166667,10.3333,1855.57,1983.81,1.218,1.008,1.206,False,,,0.6,0,,,,,,,
262,16,DEF,31,1,0,0,,,0,1855.57,1983.81,1.218,1.008,1.206,False,,,0,0,,,,,,,
263,16,DEF,31,1,0.666667,25.3333,0.1,0.01,3,1855.57,1983.81,1.218,1.008,1.206,False,,,0,0,,,,,,,
264,16,DEF,31,1,0,0,,,0,1855.57,1983.81,1.218,1.008,1.206,False,,,0,0,,,,,,,
265,16,DEF,31,1,0,0,,,0,1855.57,1983.81,1.218,1.008,1.206,False,,,0,0,,,,,,,
266,16,MID,3,1,1.33333,48.3333,0,0.02,4,2042.27,1653.79,1.732,0.782,2.08,False,,,,,8.23333,0,0,0,,,
267,16,MID,31,1,0.333333,12.3333,0,0.04,0.333333,1855.57,1983.81,1.218,1.008,1.206,False,,,,,3.6,1.33333,0,2,,,
268,16,MID,31,1,0,0,,,0,1855.57,1983.81,1.218,1.008,1.206,False,,,,,0,0,,,,,
269,16,MID,31,1,0,0,0,0,0,1855.57,1983.81,1.218,1.008,1.206,False,,,,,0,0,0,0,,,
270,16,MID,31,1,0.666667,8.66667,0,0.005,0.666667,1855.57,1983.81,1.218,1.008,1.206,False,,,,,0.4,0.666667,0,0.5,,,
271,16,MID,31,1,3,87.3333,0.06,0.103333,9,1855.57,1983.81,1.218,1.008,1.206,False,,,,,11.1,10.3333,0.333333,2.33333,,,
272,16,MID,31,1,2,40,0,0.00666667,6,1855.57,1983.81,1.218,1.008,1.206,False,,,,,2.2,2,0,1,,,
273,16,MID,31,1,5.33333,80.6667,0.0466667,0.176667,12.3333,1855.57,1983.81,1.218,1.008,1.206,False,,,,,14.7667,6.33333,0.333333,0.666667,,,
274,16,MID,31,1,0,0,,,0,1855.57,1983.81,1.218,1.008,1.206,False,,,,,0,0,,,,,
275,16,MID,31,1,0,0,,,0,1855.57,1983.81,1.218,1.008,1.206,False,,,,,0,0,,,,,
276,16,MID,31,1,1,10.6667,0.02,0,1,1855.57,1983.81,1.218,1.008,1.206,False,,,,,0.266667,0.666667,0,0,,,
277,16,MID,31,1,0,0,,,0,1855.57,1983.81,1.218,1.008,1.206,False,,,,,0,0,,,,,
278,16,MID,31,1,0,0,,,0,1855.57,1983.81,1.218,1.008,1.206,False,,,,,0,0,,,,,
279,16,MID,31,1,0,0,,,0,1855.57,1983.81,1.218,1.008,1.206,False,,,,,0,0,,,,,
280,16,MID,31,1,0,0,,,0,1855.57,1983.81,1.218,1.008,1.206,False,,,,,0,0,,,,,
281,16,MID,31,1,0,0,,,0,1855.57,1983.81,1.218,1.008,1.206,False,,,,,0,0,,,,,
282,16,MID,31,1,0,0,,,0,1855.57,1983.81,1.218,1.008,1.206,False,,,,,0,0,,,,,
283,16,FWD,31,1,3.33333,72.6667,0.456667,0.0333333,4.66667,1855.57,1983.81,1.218,1.008,1.206,False,,,,,,,,,0.456667,1.33333,4
284,16,FWD,31,1,3.33333,47.3333,0.226667,0.00333333,3.66667,1855.57,1983.81,1.218,1.008,1.206,False,,,,,,,,,0.226667,0.666667,3
285,16,FWD,31,1,0,0,,,0,1855.57,1983.81,1.218,1.008,1.206,False,,,,,,,,,,,
286,16,FWD,31,1,0,0,,,0,1855.57,1983.81,1.218,1.008,1.206,False,,,,,,,,,,,
287,16,GKP,11,1,4.66667,90,0,0,0,1817.24,1895.75,1.014,1.016,1.212,False,2.33333,-0.07,,,,,,,,,
288,16,GKP,11,1,0,0,0,0,0,1817.24,1895.75,1.014,1.016,1.212,False,0,0,,,,,,,,,
289,16,GKP,11,1,0,0,,,0,1817.24,1895.75,1.014,1.016,1.212,False,0,,,,,,,,,,
290,16,DEF,11,1,0,0,,,0,1817.24,1895.75,1.014,1.016,1.212,False,,,0,0,,,,,,,
291,16,DEF,11,1,7.33333,90,0,0.106667,11.3333,1817.24,1895.75,1.014,1.016,1.212,False,,,0.8,0.2,,,,,,,
292,16,DEF,11,1,4,90,0.0133333,0.09,8.33333,1817.24,1895.75,1.014,1.016,1.212,False,,,0.8,0,,,,,,,
293,16,DEF,11,1,4.66667,90,0.04,0.0333333,5.66667,1817.24,1895.75,1.014,1.016,1.212,False,,,0.6,0.2,,,,,,,
294,16,DEF,11,1,0,0,,,0,1817.24,1895.75,1.014,1.016,1.212,False,,,0,0,,,,,,,
295,16,DEF,11,1,3.66667,60,0.02,0.005,8.33333,1817.24,1895.75,1.014,1.016,1.212,False,,,0.6,0.2,,,,,,,
296,16,DEF,11,1,0,0,,,0,1817.24,1895.75,1.014,1.016,1.212,False,,,0,0,,,,,,,
297,16,DEF,11,1,0,0,,,0,1817.24,1895.75,1.014,1.016,1.212,False,,,0,0,,,,,,,
298,16,DEF,11,1,0,0,0,0,0,1817.24,1895.75,1.014,1.016,1.212,False,,,0,0,,,,,,,
299,16,MID,11,1,4.33333,86.3333,0.1,0.0566667,10.3333,1817.24,1895.75,1.014,1.016,1.212,False,,,,,13.3,20.6667,1,3.33333,,,
300,16,MID,11,1,1,12.3333,0,0.0466667,2.66667,1817.24,1895.75,1.014,1.016,1.212,False,,,,,11.6,0,0,0,,,
301,16,MID,11,1,3,65.3333,0.1,0.0233333,4.33333,1817.24,1895.75,1.014,1.016,1.212,False,,,,,14.2667,10.3333,0,3,,,
302,16,MID,11,1,0,0,,,0,1817.24,1895.75,1.014,1.016,1.212,False,,,,,0,0,,,,,
303,16,MID,11,1,2.66667,90,0.0633333,0.0666667,8,1817.24,1895.75,1.014,1.016,1.212,False,,,,,14.8333,8,0.333333,0.666667,,,
304,16,MID,11,1,1.66667,45,0.01,0.015,5.66667,1817.24,1895.75,1.014,1.016,1.212,False,,,,,2.13333,0.333333,0,0,,,
305,16,MID,11,1,0,0,,,0,1817.24,1895.75,1.014,1.016,1.212,False,,,,,0,0,,,,,
306,16,MID,11,1,0,0,,,0,1817.24,1895.75,1.014,1.016,1.212,False,,,,,0,0,,,,,
307,16,MID,11,1,0,0,,,0,1817.24,1895.75,1.014,1.016,1.212,False,,,,,0,0,,,,,
308,16,MID,11,1,0,0,,,0,1817.24,1895.75,1.014,1.016,1.212,False,,,,,0,0,,,,,
309,16,MID,11,1,0,0,,,0,1817.24,1895.75,1.014,1.016,1.212,False,,,,,0,0,,,,,
310,16,FWD,11,1,3,75.3333,0.483333,0.04,1,1817.24,1895.75,1.014,1.016,1.212,False,,,,,,,,,0.483333,0.666667,6.66667
311,16,FWD,11,1,1,13.6667,0.0633333,0.00333333,1.33333,1817.24,1895.75,1.014,1.016,1.212,False,,,,,,,,,0.0633333,0,1.33333
312,16,FWD,11,1,0,0,,,0,1817.24,1895.75,1.014,1.016,1.212,False,,,,,,,,,,,
313,16,FWD,11,1,0,0,,,0,1817.24,1895.75,1.014,1.016,1.212,False,,,,,,,,,,,
314,16,GKP,54,1,1,90,0,0,0,1777.06,1702.69,0.94,1.266,2.056,False,1,-0.836667,,,,,,,,,
315,16,GKP,54,1,0,0,,,0,1777.06,1702.69,0.94,1.266,2.056,False,0,,,,,,,,,,
316,16,DEF,54,1,0,0,,,0,1777.06,1702.69,0.94,1.266,2.056,False,,,0,0,,,,,,,
317,16,DEF,54,1,1.66667,90,0,0.0666667,10,1777.06,1702.69,0.94,1.266,2.056,False,,,0.2,0,,,,,,,
318,16,DEF,54,1,3,90,0.00333333,0.00666667,11,1777.06,1702.69,0.94,1.266,2.056,False,,,0.2,0,,,,,,,
319,16,DEF,54,1,1.66667,46,0,0.0133333,3.33333,1777.06,1702.69,0.94,1.266,2.056,False,,,0,0.2,,,,,,,
320,16,DEF,54,1,0,0,,,0,1777.06,1702.69,0.94,1.266,2.056,False,,,0,0,,,,,,,
321,16,DEF,54,1,0,0,0,0,0,1777.06,1702.69,0.94,1.266,2.056,False,,,0,0,,,,,,,
322,16,DEF,54,1,5,75,0.0366667,0.0166667,11.3333,1777.06,1702.69,0.94,1.266,2.056,False,,,0.2,0.2,,,,,,,
323,16,DEF,54,1,0,0,,,0,1777.06,1702.69,0.94,1.266,2.056,False,,,0,0,,,,,,,
324,16,MID,54,1,3.66667,88,0.0533333,0.146667,6.33333,1777.06,1702.69,0.94,1.266,2.056,False,,,,,18.5,9.33333,0.666667,1,,,
325,16,MID,54,1,3.33333,54,0.203333,0.0133333,3.66667,1777.06,1702.69,0.94,1.266,2.056,False,,,,,2.93333,23.3333,1,2.66667,,,
326,16,MID,54,1,0.333333,0.333333,0,0,0,1777.06,1702.69,0.94,1.266,2.056,False,,,,,0.6,0,0,0,,,
327,16,MID,54,1,0,0,,,0,1777.06,1702.69,0.94,1.266,2.056,False,,,,,0,0,,,,,
328,16,MID,54,1,2,60,0.02,0.035,9.66667,1777.06,1702.69,0.94,1.266,2.056,False,,,,,1.7,2.33333,0,1,,,
329,16,MID,54,1,8.66667,78.6667,0.0966667,0.146667,7,1777.06,1702.69,0.94,1.266,2.056,False,,,,,17.3667,15.3333,1,2,,,
330,16,MID,54,1,1.33333,85,0,0.0166667,8,1777.06,1702.69,0.94,1.266,2.056,False,,,,,7.96667,1.33333,0,0.666667,,,
331,16,MID,54,1,0.333333,0.666667,0,0.03,0,1777.06,1702.69,0.94,1.266,2.056,False,,,,,1.43333,0,0,0,,,
332,16,MID,54,1,1,27,0,0.00333333,5.66667,1777.06,1702.69,0.94,1.266,2.056,False,,,,,8.36667,0,0,0,,,
333,16,MID,54,1,0,0,,,0,1777.06,1702.69,0.94,1.266,2.056,False,,,,,0,0,,,,,
334,16,MID,54,1,0,0,,,0,1777.06,1702.69,0.94,1.266,2.056,False,,,,,0,0,,,,,
335,16,MID,54,1,2.33333,32.3333,0.0433333,0,3,1777.06,1702.69,0.94,1.266,2.056,False,,,,,3.96667,3,0.333333,0.666667,,,
336,16,MID,54,1,0,0,,,0,1777.06,1702.69,0.94,1.266,2.056,False,,,,,0,0,,,,,
337,16,FWD,54,1,2.66667,84.3333,0.106667,0.02,5.33333,1777.06,1702.69,0.94,1.266,2.056,False,,,,,,,,,0.106667,0,2
338,16,FWD,54,1,0,0,,,0,1777.06,1702.69,0.94,1.266,2.056,False,,,,,,,,,,,
339,16,GKP,2,1,0,0,0,0,0,1731.86,1812.33,1.67,2.03,1.296,False,0,0,,,,,,,,,
340,16,GKP,2,1,0,0,,,0,1731.86,1812.33,1.67,2.03,1.296,False,0,,,,,,,,,,
341,16,GKP,2,1,0,0,,,0,1731.86,1812.33,1.67,2.03,1.296,False,0,,,,,,,,,,
342,16,DEF,2,1,2,88.6667,0,0.0133333,2.66667,1731.86,1812.33,1.67,2.03,1.296,False,,,0,0.2,,,,,,,
343,16,DEF,2,1,1.66667,90,0.11,0.01,7.66667,1731.86,1812.33,1.67,2.03,1.296,False,,,0,0,,,,,,,
344,16,DEF,2,1,4.66667,66.3333,0.07,0,7.66667,1731.86,1812.33,1.67,2.03,1.296,False,,,0,0.2,,,,,,,
345,16,DEF,2,1,0.666667,0.666667,0,0,0,1731.86,1812.33,1.67,2.03,1.296,False,,,0,0,,,,,,,
346,16,DEF,2,1,0,0,0,0,0,1731.86,1812.33,1.67,2.03,1.296,False,,,0,0,,,,,,,
347,16,DEF,2,1,1.66667,67,0.0466667,0.0666667,6.66667,1731.86,1812.33,1.67,2.03,1.296,False,,,0,0,,,,,,,
348,16,DEF,2,1,1,90,0,0.00666667,8.33333,1731.86,1812.33,1.67,2.03,1.296,False,,,0,0,,,,,,,
349,16,DEF,2,1,0,0,,,0,1731.86,1812.33,1.67,2.03,1.296,False,,,0,0,,,,,,,
350,16,MID,2,1,1.66667,8.66667,0.01,0.01,0.666667,1731.86,1812.33,1.67,2.03,1.296,False,,,,,3.76667,6.33333,0.5,1,,,
351,16,MID,2,1,1.66667,23.3333,0,0.02,2,1731.86,1812.33,1.67,2.03,1.296,False,,,,,5.06667,0.666667,0,0.5,,,
352,16,MID,2,1,0,0,0,0,0,1731.86,1812.33,1.67,2.03,1.296,False,,,,,0,0,0,0,,,
353,16,MID,2,1,0.333333,15,0,0.02,1,1731.86,1812.33,1.67,2.03,1.296,False,,,,,0.166667,0.666667,0,1,,,
354,16,MID,2,1,2.66667,88.6667,0.05,0.0366667,10,1731.86,1812.33,1.67,2.03,1.296,False,,,,,2.7,1.33333,0.333333,0.333333,,,
355,16,MID,2,1,0,0,,,0,1731.86,1812.33,1.67,2.03,1.296,False,,,,,0,0,,,,,
356,16,MID,2,1,1.66667,59,0,0.07,6.33333,1731.86,1812.33,1.67,2.03,1.296,False,,,,,10.9333,0,0,0,,,
357,16,MID,2,1,0,0,,,0,1731.86,1812.33,1.67,2.03,1.296,False,,,,,0,0,,,,,
358,16,MID,2,1,6.33333,60.3333,0.15,0.1,6.33333,1731.86,1812.33,1.67,2.03,1.296,False,,,,,3.1,19,1,1.33333,,,
359,16,MID,2,1,0,0,,,0,1731.86,1812.33,1.67,2.03,1.296,False,,,,,0,0,,,,,
360,16,MID,2,1,0,0,,,0,1731.86,1812.33,1.67,2.03,1.296,False,,,,,0,0,,,,,
361,16,MID,2,1,0,0,,,0,1731.86,1812.33,1.67,2.03,1.296,False,,,,,0,0,,,,,
362,16,FWD,2,1,0.666667,2.33333,0,0.00333333,0,1731.86,1812.33,1.67,2.03,1.296,False,,,,,,,,,0,0,0
363,16,FWD,2,1,0,0,,,0,1731.86,1812.33,1.67,2.03,1.296,False,,,,,,,,,,,
364,16,FWD,2,1,0,0,,,0,1731.86,1812.33,1.67,2.03,1.296,False,,,,,,,,,,,
365,16,FWD,2,1,2,49,0.755,0,2.33333,1731.86,1812.33,1.67,2.03,1.296,False,,,,,,,,,0.755,1.5,2.5
366,16,GKP,14,1,3.33333,90,0,0,0,1933.28,1847.02,1.41,1.062,1.49,False,2,-0.496667,,,,,,,,,
367,16,GKP,14,1,0,0,0,0,0,1933.28,1847.02,1.41,1.062,1.49,False,0,0,,,,,,,,,
368,16,GKP,14,1,0,0,,,0,1933.28,1847.02,1.41,1.062,1.49,False,0,,,,,,,,,,
369,16,GKP,14,1,0,0,,,0,1933.28,1847.02,1.41,1.062,1.49,False,0,,,,,,,,,,
370,16,DEF,14,1,0,0,,,0,1933.28,1847.02,1.41,1.062,1.49,False,,,0,0,,,,,,,
371,16,DEF,14,1,2.66667,59.3333,0.00666667,0.0266667,3.66667,1933.28,1847.02,1.41,1.062,1.49,False,,,0.2,0,,,,,,,
372,16,DEF,14,1,1,30,0,0.02,1.66667,1933.28,1847.02,1.41,1.062,1.49,False,,,0,0,,,,,,,
373,16,DEF,14,1,4,90,0.0833333,0.02,11.3333,1933.28,1847.02,1.41,1.062,1.49,False,,,0.2,0,,,,,,,
374,16,DEF,14,1,4.33333,90,0.0233333,0.0133333,10.6667,1933.28,1847.02,1.41,1.062,1.49,False,,,0.2,0,,,,,,,
375,16,DEF,14,1,1.66667,22.3333,0,0.27,1.33333,1933.28,1847.02,1.41,1.062,1.49,False,,,0.2,0,,,,,,,
376,16,DEF,14,1,5,58.6667,0.0166667,0.126667,3.33333,1933.28,1847.02,1.41,1.062,1.49,False,,,0.4,0.2,,,,,,,
377,16,DEF,14,1,0,0,,,0,1933.28,1847.02,1.41,1.062,1.49,False,,,0,0,,,,,,,
378,16,DEF,14,1,0,0,,,0,1933.28,1847.02,1.41,1.062,1.49,False,,,0,0,,,,,,,
379,16,DEF,14,1,0,0,,,0,1933.28,1847.02,1.41,1.062,1.49,False,,,0,0,,,,,,,
380,16,DEF,14,1,0,0,,,0,1933.28,1847.02,1.41,1.062,1.49,False,,,0,0,,,,,,,
381,16,MID,14,1,0.333333,15,0.025,0.055,0.333333,1933.28,1847.02,1.41,1.062,1.49,False,,,,,16.7333,6.66667,0,3.5,,,
382,16,MID,14,1,4.33333,77,0.253333,0.12,3.33333,1933.28,1847.02,1.41,1.062,1.49,False,,,,,31.1333,19.6667,0.666667,3.66667,,,
383,16,MID,14,1,0,0,,,0,1933.28,1847.02,1.41,1.062,1.49,False,,,,,0,0,,,,,
384,16,MID,14,1,5.66667,72.3333,0.186667,0.193333,3.33333,1933.28,1847.02,1.41,1.062,1.49,False,,,,,19.0333,22,0.666667,4.66667,,,
385,16,MID,14,1,0.333333,1.33333,0.035,0.01,0.666667,1933.28,1847.02,1.41,1.062,1.49,False,,,,,0.2,2.33333,0,1,,,
386,16,MID,14,1,2,61.6667,0.03,0.0233333,7.33333,1933.28,1847.02,1.41,1.062,1.49,False,,,,,2.83333,4,0.333333,0.333333,,,
387,16,MID,14,1,4.33333,90,0.183333,0.183333,6.66667,1933.28,1847.02,1.41,1.062,1.49,False,,,,,39.3333,14.6667,1,1.66667,,,
388,16,MID,14,1,1.33333,43.3333,0.0233333,0.03,4.33333,1933.28,1847.02,1.41,1.062,1.49,False,,,,,18.1333,0.666667,0,0,,,
389,16,MID,7,1,0,0,,,0,1912.17,1740.52,1.85,1.486,2.004,False,,,,,0,0,,,,,
390,16,MID,14,1,4.33333,90,0.0133333,0.05,10.3333,1933.28,1847.02,1.41,1.062,1.49,False,,,,,17.8667,2,0,0.666667,,,
391,16,MID,91,1,0,0,,,0,1806.95,1835.53,1.86,1.172,0.832,False,,,,,0,0,,,,,
392,16,MID,14,1,0.333333,2.33333,0,0,0.333333,1933.28,1847.02,1.41,1.062,1.49,False,,,,,0.0666667,0,0,0,,,
393,16,MID,14,1,0,0,,,0,1933.28,1847.02,1.41,1.062,1.49,False,,,,,0,0,,,,,
394,16,MID,14,1,0,0,,,0,1933.28,1847.02,1.41,1.062,1.49,False,,,,,0,0,,,,,
395,16,MID,14,1,0,0,,,0,1933.28,1847.02,1.41,1.062,1.49,False,,,,,0,0,,,,,
396,16,MID,14,1,0,0,0,0,0,1933.28,1847.02,1.41,1.062,1.49,False,,,,,0,0,0,0,,,
397,16,FWD,14,1,0,0,,,0,1933.28,1847.02,1.41,1.062,1.49,False,,,,,,,,,,,
398,16,FWD,14,1,0,0,,,0,1933.28,1847.02,1.41,1.062,1.49,False,,,,,,,,,,,
399,16,GKP,43,1,0,0,,,0,1983.81,1855.57,2.324,1.206,1.008,False,0,,,,,,,,,,
400,16,GKP,43,1,0,0,,,0,1983.81,1855.57,2.324,1.206,1.008,False,0,,,,,,,,,,
401,16,GKP,43,1,0,0,,,0,1983.81,1855.57,2.324,1.206,1.008,False,0,,,,,,,,,,
402,16,DEF,43,1,0,0,0,0,0,1983.81,1855.57,2.324,1.206,1.008,False,,,0,0,,,,,,,
403,16,DEF,43,1,6,83,0.313333,0.0666667,5.33333,1983.81,1855.57,2.324,1.206,1.008,False,,,0.4,0.4,,,,,,,
404,16,DEF,43,1,0,0,,,0,1983.81,1855.57,2.324,1.206,1.008,False,,,0,0,,,,,,,
405,16,DEF,43,1,0.666667,7,0,0,0.333333,1983.81,1855.57,2.324,1.206,1.008,False,,,0,0,,,,,,,
406,16,DEF,43,1,0,0,0,0,0,1983.81,1855.57,2.324,1.206,1.008,False,,,0,0,,,,,,,
407,16,DEF,43,1,3.66667,90,0,0.143333,7,1983.81,1855.57,2.324,1.206,1.008,False,,,0.4,0.4,,,,,,,
408,16,DEF,43,1,5,90,0.04,0.0233333,5.66667,1983.81,1855.57,2.324,1.206,1.008,False,,,0.4,0.4,,,,,,,
409,16,DEF,43,1,0.333333,9,0,0,0.666667,1983.81,1855.57,2.324,1.206,1.008,False,,,0,0,,,,,,,
410,16,DEF,43,1,0.333333,2.66667,0,0,0,1983.81,1855.57,2.324,1.206,1.008,False,,,0,0,,,,,,,
411,16,DEF,43,1,3.33333,90,0.33,0.0966667,8,1983.81,1855.57,2.324,1.206,1.008,False,,,0.4,0.4,,,,,,,
412,16,DEF,43,1,0,0,,,0,1983.81,1855.57,2.324,1.206,1.008,False,,,0,0,,,,,,,
413,16,MID,43,1,0.666667,7.33333,0.065,0,0.333333,1983.81,1855.57,2.324,1.206,1.008,False,,,,,0.0333333,6.33333,0.5,1,,,
414,16,MID,43,1,14.6667,82.6667,0.646667,0.186667,5.66667,1983.81,1855.57,2.324,1.206,1.008,False,,,,,31.6333,48.3333,2,5.33333,,,
415,16,MID,43,1,0.666667,11.3333,0,0.126667,1.33333,1983.81,1855.57,2.324,1.206,1.008,False,,,,,9.8,0.666667,0,0.333333,,,
416,16,MID,43,1,2,86.3333,0.0333333,0.06,6,1983.81,1855.57,2.324,1.206,1.008,False,,,,,10.6333,5,0,1.66667,,,
417,16,MID,43,1,5.33333,34.6667,0.0566667,0.46,3.66667,1983.81,1855.57,2.324,1.206,1.008,False,,,,,36.0333,15.6667,0.333333,4.66667,,,
418,16,MID,43,1,4.33333,81,0.133333,0.346667,5,1983.81,1855.57,2.324,1.206,1.008,False,,,,,46.4333,23,0.333333,7,,,
419,16,MID,11,1,5.33333,84.6667,0.03,0.253333,6.66667,1817.24,1895.75,1.014,1.016,1.212,False,,,,,24.1667,11.6667,0.333333,4.33333,,,
420,16,MID,43,1,0,0,,,0,1983.81,1855.57,2.324,1.206,1.008,False,,,,,0,0,,,,,
421,16,MID,43,1,0,0,,,0,1983.81,1855.57,2.324,1.206,1.008,False,,,,,0,0,,,,,
422,16,MID,43,1,0,0,,,0,1983.81,1855.57,2.324,1.206,1.008,False,,,,,0,0,,,,,
423,16,MID,43,1,3,81,0.08,0.0366667,9.66667,1983.81,1855.57,2.324,1.206,1.008,False,,,,,8.56667,5.33333,0.333333,0.666667,,,
424,16,MID,43,1,0,0,,,0,1983.81,1855.57,2.324,1.206,1.008,False,,,,,0,0,,,,,
425,16,MID,43,1,0,0,,,0,1983.81,1855.57,2.324,1.206,1.008,False,,,,,0,0,,,,,
426,16,MID,17,1,0.333333,1.66667,0,0,0,1776.16,1826.74,1.258,1.284,1.052,False,,,,,0.566667,0.666667,0,1,,,
427,16,MID,43,1,3.66667,58.6667,0.373333,0.22,3,1983.81,1855.57,2.324,1.206,1.008,False,,,,,15.2667,12,0.333333,1.66667,,,
428,16,MID,43,1,0,0,,,0,1983.81,1855.57,2.324,1.206,1.008,False,,,,,0,0,,,,,
429,16,MID,43,1,0,0,,,0,1983.81,1855.57,2.324,1.206,1.008,False,,,,,0,0,,,,,
430,16,FWD,43,1,6,82.6667,0.493333,0.106667,3.33333,1983.81,1855.57,2.324,1.206,1.008,False,,,,,,,,,0.493333,1,6
431,16,GKP,1,1,0,0,0,0,0,1835.53,1806.95,1.886,0.832,1.172,False,0,0,,,,,,,,,
432,16,GKP,1,1,0,0,,,0,1835.53,1806.95,1.886,0.832,1.172,False,0,,,,,,,,,,
433,16,GKP,1,1,0,0,,,0,1835.53,1806.95,1.886,0.832,1.172,False,0,,,,,,,,,,
434,16,GKP,1,1,0,0,,,0,1835.53,1806.95,1.886,0.832,1.172,False,0,,,,,,,,,,
435,16,GKP,1,1,0,0,,,0,1835.53,1806.95,1.886,0.832,1.172,False,0,,,,,,,,,,
436,16,DEF,1,1,0.666667,30,0.06,0,2,1835.53,1806.95,1.886,0.832,1.172,False,,,0,0.2,,,,,,,
437,16,DEF,1,1,1,10.3333,0,0.0133333,1.33333,1835.53,1806.95,1.886,0.832,1.172,False,,,0,0,,,,,,,
438,16,DEF,1,1,2,64.6667,0.00333333,0.0233333,7.33333,1835.53,1806.95,1.886,0.832,1.172,False,,,0,0,,,,,,,
439,16,DEF,1,1,0,0,,,0,1835.53,1806.95,1.886,0.832,1.172,False,,,0,0,,,,,,,
440,16,DEF,1,1,7.33333,80,0.16,0.0833333,4.66667,1835.53,1806.95,1.886,0.832,1.172,False,,,0.2,0.4,,,,,,,
441,16,DEF,1,1,1,9.66667,0,0.01,0.666667,1835.53,1806.95,1.886,0.832,1.172,False,,,0.2,0,,,,,,,
442,16,DEF,1,1,0,0,,,0,1835.53,1806.95,1.886,0.832,1.172,False,,,0.2,0,,,,,,,
443,16,DEF,1,1,1.33333,86,0,0.0333333,5.66667,1835.53,1806.95,1.886,0.832,1.172,False,,,0,0,,,,,,,
444,16,DEF,1,1,1,39.6667,0,0.00333333,3.66667,1835.53,1806.95,1.886,0.832,1.172,False,,,0,0,,,,,,,
445,16,DEF,1,1,0,0,,,0,1835.53,1806.95,1.886,0.832,1.172,False,,,0,0,,,,,,,
446,16,DEF,1,1,0,0,,,0,1835.53,1806.95,1.886,0.832,1.172,False,,,0,0,,,,,,,
447,16,DEF,1,1,0.666667,37.6667,0.01,0,4.33333,1835.53,1806.95,1.886,0.832,1.172,False,,,0,0,,,,,,,
448,16,DEF,1,1,0,0,0,0,0,1835.53,1806.95,1.886,0.832,1.172,False,,,0,0,,,,,,,
449,16,MID,1,1,11,90,0.576667,0.466667,11,1835.53,1806.95,1.886,0.832,1.172,False,,,,,67.2667,30,1,3.66667,,,
450,16,MID,1,1,2.66667,55.3333,0.585,0.175,3.33333,1835.53,1806.95,1.886,0.832,1.172,False,,,,,10.7333,27,1,9.5,,,
451,16,MID,1,1,0,0,,,0,1835.53,1806.95,1.886,0.832,1.172,False,,,,,0,0,,,,,
452,16,MID,1,1,3.33333,90,0.0633333,0.323333,5.33333,1835.53,1806.95,1.886,0.832,1.172,False,,,,,39.0333,15.6667,0,6.66667,,,
453,16,MID,8,1,1.66667,50,0.04,0.136667,1.66667,1895.75,1817.24,1.562,1.212,1.016,False,,,,,16.4667,5,0,2,,,
454,16,MID,1,1,0,0,,,0,1835.53,1806.95,1.886,0.832,1.172,False,,,,,0,0,,,,,
455,16,MID,1,1,5.33333,61.6667,0.223333,0.0433333,4.66667,1835.53,1806.95,1.886,0.832,1.172,False,,,,,8.13333,12.3333,0.666667,1.33333,,,
456,16,MID,7,1,0.666667,5.66667,0,0.2,0.333333,1912.17,1740.52,1.85,1.486,2.004,False,,,,,10.8667,1.33333,0,1,,,
457,16,MID,1,1,4.66667,85.6667,0.243333,0.02,12.6667,1835.53,1806.95,1.886,0.832,1.172,False,,,,,6.9,22,0.666667,2.33333,,,
458,16,MID,1,1,0.666667,4.33333,0,0.005,0.333333,1835.53,1806.95,1.886,0.832,1.172,False,,,,,0.4,0,0,0,,,
459,16,MID,1,1,0.333333,4.33333,0,0.005,0,1835.53,1806.95,1.886,0.832,1.172,False,,,,,0.8,0,0,0,,,
460,16,MID,1,1,0,0,,,0,1835.53,1806.95,1.886,0.832,1.172,False,,,,,0,0,,,,,
461,16,MID,1,1,0,0,,,0,1835.53,1806.95,1.886,0.832,1.172,False,,,,,0,0,,,,,
462,16,MID,1,1,0,0,,,0,1835.53,1806.95,1.886,0.832,1.172,False,,,,,0,0,,,,,
463,16,MID,1,1,0,0,,,0,1835.53,1806.95,1.886,0.832,1.172,False,,,,,0,0,,,,,
464,16,MID,1,1,0,0,,,0,1835.53,1806.95,1.886,0.832,1.172,False,,,,,0,0,,,,,
465,16,FWD,1,1,0,0,,,0,1835.53,1806.95,1.886,0.832,1.172,False,,,,,,,,,,,
466,16,FWD,1,1,3.66667,57.6667,0.213333,0.00666667,5,1835.53,1806.95,1.886,0.832,1.172,False,,,,,,,,,0.213333,0.666667,1.66667
467,16,FWD,1,1,0,0,,,0,1835.53,1806.95,1.886,0.832,1.172,False,,,,,,,,,,,
468,16,FWD,1,1,0,0,,,0,1835.53,1806.95,1.886,0.832,1.172,False,,,,,,,,,,,
469,16,GKP,4,1,0,0,,,0,1880.38,1658.87,1.688,1.646,1.908,False,0,,,,,,,,,,
470,16,GKP,90,1,2,90,0,0.00666667,0,1702.69,1777.06,0.988,2.056,1.266,False,3,0.01,,,,,,,,,
471,16,GKP,4,1,0,0,,,0,1880.38,1658.87,1.688,1.646,1.908,False,0,,,,,,,,,,
472,16,GKP,4,1,0,0,,,0,1880.38,1658.87,1.688,1.646,1.908,False,0,,,,,,,,,,
473,16,DEF,4,1,3,68.6667,0.09,0.176667,7,1880.38,1658.87,1.688,1.646,1.908,False,,,0,0.2,,,,,,,
474,16,DEF,4,1,1.33333,30.6667,0.0433333,0.00333333,2.33333,1880.38,1658.87,1.688,1.646,1.908,False,,,0,0,,,,,,,
475,16,DEF,4,1,0,0,,,0,1880.38,1658.87,1.688,1.646,1.908,False,,,0,0,,,,,,,
476,16,DEF,4,1,6,80.6667,0.0233333,0.0233333,9.33333,1880.38,1658.87,1.688,1.646,1.908,False,,,0.2,0.4,,,,,,,
477,16,DEF,4,1,2,90,0.0433333,0.0533333,9.33333,1880.38,1658.87,1.688,1.646,1.908,False,,,0,0,,,,,,,
478,16,DEF,4,1,0,0,,,0,1880.38,1658.87,1.688,1.646,1.908,False,,,0,0,,,,,,,
479,16,DEF,4,1,0,0,,,0,1880.38,1658.87,1.688,1.646,1.908,False,,,0,0,,,,,,,
480,16,DEF,4,1,0,0,,,0,1880.38,1658.87,1.688,1.646,1.908,False,,,0,0,,,,,,,
481,16,DEF,4,1,0,0,0,0,0,1880.38,1658.87,1.688,1.646,1.908,False,,,0,0,,,,,,,
482,16,DEF,4,1,0,0,,,0,1880.38,1658.87,1.688,1.646,1.908,False,,,0,0,,,,,,,
483,16,DEF,4,1,0,0,,,0,1880.38,1658.87,1.688,1.646,1.908,False,,,0,0,,,,,,,
484,16,DEF,4,1,0,0,,,0,1880.38,1658.87,1.688,1.646,1.908,False,,,0,0,,,,,,,
485,16,MID,4,1,5.66667,32.6667,0.556667,0.286667,1.66667,1880.38,1658.87,1.688,1.646,1.908,False,,,,,12.6667,15,0.666667,1.66667,,,
486,16,MID,4,1,2.66667,61.3333,0.0966667,0.0266667,2,1880.38,1658.87,1.688,1.646,1.908,False,,,,,6.9,8.66667,0.666667,1.33333,,,
487,16,MID,4,1,1.66667,45,0.205,0.115,3.66667,1880.38,1658.87,1.688,1.646,1.908,False,,,,,7.5,19,1,5.5,,,
488,16,MID,4,1,7,74.6667,0.0733333,0.11,7.33333,1880.38,1658.87,1.688,1.646,1.908,False,,,,,15.2,15,1.33333,1,,,
489,16,MID,4,1,1,21.6667,0.095,0.055,1.66667,1880.38,1658.87,1.688,1.646,1.908,False,,,,,15.7667,7.33333,0,3,,,
490,16,MID,4,1,2.33333,65.3333,0.0166667,0.0266667,8.33333,1880.38,1658.87,1.688,1.646,1.908,False,,,,,11.7,6.33333,0.333333,0.333333,,,
491,16,MID,4,1,1,15.6667,0,0.02,2,1880.38,1658.87,1.688,1.646,1.908,False,,,,,5.66667,0,0,0,,,
492,16,MID,4,1,0,0,,,0,1880.38,1658.87,1.688,1.646,1.908,False,,,,,0,0,,,,,
493,16,MID,2,1,0,0,,,0,1731.86,1812.33,1.67,2.03,1.296,False,,,,,0,0,,,,,
494,16,MID,4,1,1.33333,27,0.04,0.03,1.66667,1880.38,1658.87,1.688,1.646,1.908,False,,,,,8.8,3,0,2,,,
495,16,MID,4,1,0,0,,,0,1880.38,1658.87,1.688,1.646,1.908,False,,,,,0,0,,,,,
496,16,MID,4,1,0,0,,,0,1880.38,1658.87,1.688,1.646,1.908,False,,,,,0,0,,,,,
497,16,MID,4,1,6,69,0.15,0.186667,5.66667,1880.38,1658.87,1.688,1.646,1.908,False,,,,,22.1667,19,1,1.66667,,,
498,16,MID,4,1,0,0,,,0,1880.38,1658.87,1.688,1.646,1.908,False,,,,,0,0,,,,,
499,16,FWD,14,1,3.33333,52.6667,0.276667,0.00666667,2.66667,1933.28,1847.02,1.41,1.062,1.49,False,,,,,,,,,0.276667,0.666667,2
500,16,FWD,4,1,0,0,,,0,1880.38,1658.87,1.688,1.646,1.908,False,,,,,,,,,,,
501,16,FWD,4,1,0,0,0,0,0,1880.38,1658.87,1.688,1.646,1.908,False,,,,,,,,,0,0,0
502,16,GKP,17,1,3.33333,90,0,0,0,1776.16,1826.74,1.258,1.284,1.052,False,2.33333,-0.0733333,,,,,,,,,
503,16,GKP,17,1,0,0,,,0,1776.16,1826.74,1.258,1.284,1.052,False,0,,,,,,,,,,
504,16,GKP,17,1,0,0,,,0,1776.16,1826.74,1.258,1.284,1.052,False,0,,,,,,,,,,
505,16,DEF,17,1,2.33333,90,0.02,0.01,8.33333,1776.16,1826.74,1.258,1.284,1.052,False,,,0.4,0,,,,,,,
506,16,DEF,17,1,0,0,,,0,1776.16,1826.74,1.258,1.284,1.052,False,,,0.2,0.2,,,,,,,
507,16,DEF,17,1,0,0,,,0,1776.16,1826.74,1.258,1.284,1.052,False,,,0,0,,,,,,,
508,16,DEF,17,1,3.33333,90,0.0466667,0.0633333,6,1776.16,1826.74,1.258,1.284,1.052,False,,,0.4,0.2,,,,,,,
509,16,DEF,17,1,0,0,,,0,1776.16,1826.74,1.258,1.284,1.052,False,,,0,0,,,,,,,
510,16,DEF,17,1,0,0,0,0,0,1776.16,1826.74,1.258,1.284,1.052,False,,,0,0,,,,,,,
511,16,DEF,17,1,4,90,0,0.01,9.66667,1776.16,1826.74,1.258,1.284,1.052,False,,,0.2,0,,,,,,,
512,16,DEF,17,1,0,0,,,0,1776.16,1826.74,1.258,1.284,1.052,False,,,0,0,,,,,,,
513,16,DEF,17,1,0.333333,15,0,0,2.33333,1776.16,1826.74,1.258,1.284,1.052,False,,,0,0,,,,,,,
514,16,DEF,17,1,0,0,0,0,0,1776.16,1826.74,1.258,1.284,1.052,False,,,0,0,,,,,,,
515,16,MID,17,1,2.33333,88,0.116667,0.1,4,1776.16,1826.74,1.258,1.284,1.052,False,,,,,25.3,8.33333,0,2.66667,,,
516,16,MID,17,1,1,37.6667,0.0166667,0.02,5,1776.16,1826.74,1.258,1.284,1.052,False,,,,,1.9,2,0,0.666667,,,
517,16,MID,17,1,4,90,0.03,0.113333,14,1776.16,1826.74,1.258,1.284,1.052,False,,,,,40.5333,11,0.333333,2,,,
518,16,MID,17,1,0,0,,,0,1776.16,1826.74,1.258,1.284,1.052,False,,,,,0,0,,,,,
519,16,MID,17,1,1,24.6667,0.106667,0.0133333,3.33333,1776.16,1826.74,1.258,1.284,1.052,False,,,,,9.96667,2,0.333333,0.333333,,,
520,16,MID,17,1,0,0,,,0,1776.16,1826.74,1.258,1.284,1.052,False,,,,,0,0,,,,,
521,16,MID,17,1,2.66667,61.3333,0.00333333,0.02,9.66667,1776.16,1826.74,1.258,1.284,1.052,False,,,,,2.3,2.33333,0,1,,,
522,16,MID,17,1,1,18.3333,0,0,2.33333,1776.16,1826.74,1.258,1.284,1.052,False,,,,,0.5,1.33333,0,0.666667,,,
523,16,MID,17,1,0,0,,,0,1776.16,1826.74,1.258,1.284,1.052,False,,,,,0,0,,,,,
524,16,MID,17,1,0,0,,,0,1776.16,1826.74,1.258,1.284,1.052,False,,,,,0,0,,,,,
525,16,FWD,17,1,0,0,,,0,1776.16,1826.74,1.258,1.284,1.052,False,,,,,,,,,,,
526,16,FWD,17,1,4.33333,84.6667,0.2,0.0133333,5.33333,1776.16,1826.74,1.258,1.284,1.052,False,,,,,,,,,0.2,1.33333,6.66667
527,16,FWD,17,1,0,0,,,0,1776.16,1826.74,1.258,1.284,1.052,False,,,,,,,,,,,
528,16,GKP,56,1,0,0,0,0,0,1658.87,1880.38,0.61,1.908,1.646,False,0,0,,,,,,,,,
529,16,GKP,56,1,0,0,,,0,1658.87,1880.38,0.61,1.908,1.646,False,0,,,,,,,,,,
530,16,GKP,56,1,0,0,,,0,1658.87,1880.38,0.61,1.908,1.646,False,0,,,,,,,,,,
531,16,DEF,56,1,2.66667,90,0.0233333,0,9.66667,1658.87,1880.38,0.61,1.908,1.646,False,,,0,0.4,,,,,,,
532,16,DEF,56,1,1,68,0.01,0.0233333,7.33333,1658.87,1880.38,0.61,1.908,1.646,False,,,0,0,,,,,,,
533,16,DEF,56,1,0,0,,,0,1658.87,1880.38,0.61,1.908,1.646,False,,,0,0,,,,,,,
534,16,DEF,56,1,0,0,,,0,1658.87,1880.38,0.61,1.908,1.646,False,,,0,0,,,,,,,
535,16,DEF,56,1,0,0,,,0,1658.87,1880.38,0.61,1.908,1.646,False,,,0,0,,,,,,,
536,16,DEF,56,1,0,0,,,0,1658.87,1880.38,0.61,1.908,1.646,False,,,0,0,,,,,,,
537,16,DEF,56,1,0,0,,,0,1658.87,1880.38,0.61,1.908,1.646,False,,,0,0,,,,,,,
538,16,DEF,56,1,0,0,,,0,1658.87,1880.38,0.61,1.908,1.646,False,,,0,0,,,,,,,
539,16,DEF,56,1,-0.333333,1.33333,0,0,0.666667,1658.87,1880.38,0.61,1.908,1.646,False,,,0,0,,,,,,,
540,16,DEF,56,1,0,0,,,0,1658.87,1880.38,0.61,1.908,1.646,False,,,0,0,,,,,,,
541,16,DEF,56,1,2.66667,60,0.015,0.005,6.33333,1658.87,1880.38,0.61,1.908,1.646,False,,,0,0.2,,,,,,,
542,16,DEF,56,1,0,0,,,0,1658.87,1880.38,0.61,1.908,1.646,False,,,0,0,,,,,,,
543,16,MID,56,1,0.333333,6,0,0,0.333333,1658.87,1880.38,0.61,1.908,1.646,False,,,,,0.333333,0,0,0,,,
544,16,MID,56,1,0,0,,,0,1658.87,1880.38,0.61,1.908,1.646,False,,,,,0,0,,,,,
545,16,MID,56,1,0,0,,,0,1658.87,1880.38,0.61,1.908,1.646,False,,,,,0,0,,,,,
546,16,MID,56,1,0,0,,,0,1658.87,1880.38,0.61,1.908,1.646,False,,,,,0,0,,,,,
547,16,MID,56,1,6.66667,84.6667,0.286667,0.0733333,7.33333,1658.87,1880.38,0.61,1.908,1.646,False,,,,,25.1667,8.66667,0.333333,1.33333,,,
548,16,MID,56,1,0.333333,14.6667,0.01,0.11,2,1658.87,1880.38,0.61,1.908,1.646,False,,,,,1.76667,1.66667,0,1,,,
549,16,MID,56,1,0,0,0,0,0,1658.87,1880.38,0.61,1.908,1.646,False,,,,,0,0,0,0,,,
550,16,MID,56,1,0,0,,,0,1658.87,1880.38,0.61,1.908,1.646,False,,,,,0,0,,,,,
551,16,MID,56,1,0,0,0,0,0,1658.87,1880.38,0.61,1.908,1.646,False,,,,,0,0,0,0,,,
552,16,MID,56,1,2,83.6667,0.04,0.0133333,5.66667,1658.87,1880.38,0.61,1.908,1.646,False,,,,,4.8,2.66667,0,0.666667,,,
553,16,MID,56,1,4.33333,62,0.0566667,0.0233333,5,1658.87,1880.38,0.61,1.908,1.646,False,,,,,9.43333,13,0.666667,3.33333,,,
554,16,MID,56,1,0,0,,,0,1658.87,1880.38,0.61,1.908,1.646,False,,,,,0,0,,,,,
555,16,MID,56,1,0,0,,,0,1658.87,1880.38,0.61,1.908,1.646,False,,,,,0,0,,,,,
556,16,MID,56,1,0,0,,,0,1658.87,1880.38,0.61,1.908,1.646,False,,,,,0,0,,,,,
557,16,MID,56,1,0,0,,,0,1658.87,1880.38,0.61,1.908,1.646,False,,,,,0,0,,,,,
558,16,MID,56,1,0,0,,,0,1658.87,1880.38,0.61,1.908,1.646,False,,,,,0,0,,,,,
559,16,MID,56,1,0,0,,,0,1658.87,1880.38,0.61,1.908,1.646,False,,,,,0,0,,,,,
560,16,FWD,56,1,1.33333,48.3333,0.236667,0,2.66667,1658.87,1880.38,0.61,1.908,1.646,False,,,,,,,,,0.236667,1,2.33333
561,16,FWD,56,1,0,0,0,0,0,1658.87,1880.38,0.61,1.908,1.646,False,,,,,,,,,0,0,0
562,16,FWD,56,1,0,0,,,0,1658.87,1880.38,0.61,1.908,1.646,False,,,,,,,,,,,
563,16,FWD,56,1,0,0,,,0,1658.87,1880.38,0.61,1.908,1.646,False,,,,,,,,,,,
564,16,FWD,56,1,0,0,,,0,1658.87,1880.38,0.61,1.908,1.646,False,,,,,,,,,,,
565,16,GKP,6,1,3,90,0,0,0,1826.74,1776.16,0.958,1.052,1.284,False,2,1.85037e-17,,,,,,,,,
566,16,GKP,6,1,0,0,,,0,1826.74,1776.16,0.958,1.052,1.284,False,0,,,,,,,,,,
567,16,GKP,6,1,0,0,0,0,0,1826.74,1776.16,0.958,1.052,1.284,False,0,0,,,,,,,,,
568,16,DEF,6,1,2.33333,90,0.0233333,0.186667,8,1826.74,1776.16,0.958,1.052,1.284,False,,,0.2,0,,,,,,,
569,16,DEF,6,1,7.66667,56.6667,0.17,0.005,6.66667,1826.74,1776.16,0.958,1.052,1.284,False,,,0.2,0.4,,,,,,,
570,16,DEF,6,1,2.33333,63,0.00666667,0.00666667,9,1826.74,1776.16,0.958,1.052,1.284,False,,,0,0,,,,,,,
571,16,DEF,6,1,0,0,0,0,0,1826.74,1776.16,0.958,1.052,1.284,False,,,0,0,,,,,,,
572,16,DEF,6,1,0,0,,,0,1826.74,1776.16,0.958,1.052,1.284,False,,,0,0,,,,,,,
573,16,DEF,6,1,2,30,0.185,0.095,1.33333,1826.74,1776.16,0.958,1.052,1.284,False,,,0.2,0,,,,,,,
574,16,DEF,6,1,0.333333,58,0.04,0.025,2.66667,1826.74,1776.16,0.958,1.052,1.284,False,,,0,0.2,,,,,,,
575,16,DEF,6,1,2,60,0.05,0.01,4.66667,1826.74,1776.16,0.958,1.052,1.284,False,,,0.2,0,,,,,,,
576,16,DEF,6,1,0,0,,,0,1826.74,1776.16,0.958,1.052,1.284,False,,,0,0,,,,,,,
577,16,DEF,6,1,0,0,,,0,1826.74,1776.16,0.958,1.052,1.284,False,,,0,0,,,,,,,
578,16,DEF,6,1,0,0,,,0,1826.74,1776.16,0.958,1.052,1.284,False,,,0,0,,,,,,,
579,16,MID,6,1,0,0,,,0,1826.74,1776.16,0.958,1.052,1.284,False,,,,,0,0,,,,,
580,16,MID,6,1,0.666667,25.3333,0,0.015,1.33333,1826.74,1776.16,0.958,1.052,1.284,False,,,,,5.26667,1.33333,0,1,,,
581,16,MID,6,1,0,0,,,0,1826.74,1776.16,0.958,1.052,1.284,False,,,,,0,0,,,,,
582,16,MID,6,1,6,85,0.0466667,0.24,8.33333,1826.74,1776.16,0.958,1.052,1.284,False,,,,,35.2333,16,0.666667,3,,,
583,16,MID,6,1,0,0,,,0,1826.74,1776.16,0.958,1.052,1.284,False,,,,,0,0,,,,,
584,16,MID,6,1,1.66667,6,0,0.125,0,1826.74,1776.16,0.958,1.052,1.284,False,,,,,0.333333,0.666667,0,0.5,,,
585,16,MID,6,1,3,61.3333,0.0166667,0.0633333,11,1826.74,1776.16,0.958,1.052,1.284,False,,,,,12.1667,2,0,0.666667,,,
586,16,MID,6,1,2.33333,50.6667,0.165,0.025,4,1826.74,1776.16,0.958,1.052,1.284,False,,,,,6.1,7.33333,0.5,3,,,
587,16,MID,6,1,0,0,,,0,1826.74,1776.16,0.958,1.052,1.284,False,,,,,0,0,,,,,
588,16,MID,6,1,1,16.3333,0.03,0.00333333,1,1826.74,1776.16,0.958,1.052,1.284,False,,,,,1,3,0,0.666667,,,
589,16,MID,6,1,0,0,,,0,1826.74,1776.16,0.958,1.052,1.284,False,,,,,0,0,,,,,
590,16,MID,6,1,0,0,,,0,1826.74,1776.16,0.958,1.052,1.284,False,,,,,0,0,,,,,
591,16,MID,6,1,1.33333,50.6667,0.00666667,0.00666667,5.66667,1826.74,1776.16,0.958,1.052,1.284,False,,,,,1.86667,1.66667,0,0.666667,,,
592,16,MID,6,1,0,0,,,0,1826.74,1776.16,0.958,1.052,1.284,False,,,,,0,0,,,,,
593,16,MID,6,1,1.33333,36.3333,0.0933333,0.0166667,4.66667,1826.74,1776.16,0.958,1.052,1.284,False,,,,,5.53333,5.66667,0.333333,0.333333,,,
594,16,MID,6,1,0,0,,,0,1826.74,1776.16,0.958,1.052,1.284,False,,,,,0,0,,,,,
595,16,MID,6,1,0,0,,,0,1826.74,1776.16,0.958,1.052,1.284,False,,,,,0,0,,,,,
596,16,FWD,6,1,0,0,,,0,1826.74,1776.16,0.958,1.052,1.284,False,,,,,,,,,,,
597,16,FWD,6,1,3,54,0.293333,0.02,5,1826.74,1776.16,0.958,1.052,1.284,False,,,,,,,,,0.293333,0.333333,3
598,16,FWD,6,1,0,0,,,0,1826.74,1776.16,0.958,1.052,1.284,False,,,,,,,,,,,
599,16,FWD,6,1,0,0,,,0,1826.74,1776.16,0.958,1.052,1.284,False,,,,,,,,,,,
600,16,GKP,21,1,2.66667,90,0,0,0,1740.52,1912.17,1.178,2.004,1.486,False,3.33333,-0.243333,,,,,,,,,
601,16,GKP,21,1,0,0,,,0,1740.52,1912.17,1.178,2.004,1.486,False,0,,,,,,,,,,
602,16,GKP,21,1,0,0,,,0,1740.52,1912.17,1.178,2.004,1.486,False,0,,,,,,,,,,
603,16,DEF,21,1,3.33333,87.3333,0.04,0.00666667,7.66667,1740.52,1912.17,1.178,2.004,1.486,False,,,0.2,0,,,,,,,
604,16,DEF,21,1,0,0,,,0,1740.52,1912.17,1.178,2.004,1.486,False,,,0,0,,,,,,,
605,16,DEF,21,1,1.66667,31,0,0,3.66667,1740.52,1912.17,1.178,2.004,1.486,False,,,0,0,,,,,,,
606,16,DEF,21,1,3.66667,90,0.0833333,0.0733333,11.6667,1740.52,1912.17,1.178,2.004,1.486,False,,,0,0,,,,,,,
607,16,DEF,21,1,0,0,,,0,1740.52,1912.17,1.178,2.004,1.486,False,,,0,0,,,,,,,
608,16,DEF,21,1,0,0,,,0,1740.52,1912.17,1.178,2.004,1.486,False,,,0,0,,,,,,,
609,16,DEF,21,1,2.33333,90,0.0166667,0.0233333,9.33333,1740.52,1912.17,1.178,2.004,1.486,False,,,0,0.2,,,,,,,
610,16,DEF,21,1,2.66667,90,0,0.0533333,9.33333,1740.52,1912.17,1.178,2.004,1.486,False,,,0,0,,,,,,,
611,16,DEF,21,1,0,0,,,0,1740.52,1912.17,1.178,2.004,1.486,False,,,0,0,,,,,,,
612,16,MID,21,1,0.666667,54.6667,0.015,0.055,3.66667,1740.52,1912.17,1.178,2.004,1.486,False,,,,,17.2,2.66667,0.5,0,,,
613,16,MID,21,1,1.33333,30.6667,0,0.00333333,3.33333,1740.52,1912.17,1.178,2.004,1.486,False,,,,,0.766667,2,0,1,,,
614,16,MID,21,1,0,0,,,0,1740.52,1912.17,1.178,2.004,1.486,False,,,,,0,0,,,,,
615,16,MID,21,1,1,23.6667,0.43,0.01,1.33333,1740.52,1912.17,1.178,2.004,1.486,False,,,,,1.26667,8.33333,1,4,,,
616,16,MID,21,1,0,0,,,0,1740.52,1912.17,1.178,2.004,1.486,False,,,,,0,0,,,,,
617,16,MID,21,1,0,0,,,0,1740.52,1912.17,1.178,2.004,1.486,False,,,,,0,0,,,,,
618,16,MID,21,1,0.666667,21,0,0.005,1.66667,1740.52,1912.17,1.178,2.004,1.486,False,,,,,0.633333,0,0,0,,,
619,16,MID,21,1,0.333333,7.33333,0,0.02,0.666667,1740.52,1912.17,1.178,2.004,1.486,False,,,,,0.266667,0,0,0,,,
620,16,MID,21,1,0,0,,,0,1740.52,1912.17,1.178,2.004,1.486,False,,,,,0,0,,,,,
621,16,MID,21,1,0.333333,2.33333,0,0.04,0.333333,1740.52,1912.17,1.178,2.004,1.486,False,,,,,4.66667,0,0,0,,,
622,16,MID,21,1,0,0,,,0,1740.52,1912.17,1.178,2.004,1.486,False,,,,,0,0,,,,,
623,16,MID,21,1,1.33333,65,0.01,0.0566667,5.66667,1740.52,1912.17,1.178,2.004,1.486,False,,,,,6.33333,1.66667,0,0.333333,,,
624,16,FWD,21,1,5.33333,90,0.213333,0.0166667,5.66667,1740.52,1912.17,1.178,2.004,1.486,False,,,,,,,,,0.213333,1.33333,7.33333
625,16,FWD,21,1,0.333333,4,0.07,0.03,0,1740.52,1912.17,1.178,2.004,1.486,False,,,,,,,,,0.07,0,1
626,16,FWD,21,1,0,0,,,0,1740.52,1912.17,1.178,2.004,1.486,False,,,,,,,,,,,
627,16,GKP,39,1,2,90,0,0.00333333,0,1653.79,2042.27,0.716,2.08,0.782,False,3.66667,-0.393333,,,,,,,,,
628,16,GKP,39,1,0,0,0,0,0,1653.79,2042.27,0.716,2.08,0.782,False,0,0,,,,,,,,,
629,16,GKP,39,1,0,0,,,0,1653.79,2042.27,0.716,2.08,0.782,False,0,,,,,,,,,,
630,16,GKP,11,1,0,0,0,0,0,1817.24,1895.75,1.014,1.016,1.212,False,0,0,,,,,,,,,
631,16,DEF,39,1,2,90,0.04,0.02,9.33333,1653.79,2042.27,0.716,2.08,0.782,False,,,0,0,,,,,,,
632,16,DEF,39,1,0,0,,,0,1653.79,2042.27,0.716,2.08,0.782,False,,,0,0,,,,,,,
633,16,DEF,39,1,0.666667,11,0,0,1,1653.79,2042.27,0.716,2.08,0.782,False,,,0,0,,,,,,,
634,16,DEF,39,1,0.333333,82,0.0166667,0.0666667,6,1653.79,2042.27,0.716,2.08,0.782,False,,,0,0,,,,,,,
635,16,DEF,39,1,0,0,,,0,1653.79,2042.27,0.716,2.08,0.782,False,,,0,0,,,,,,,
636,16,DEF,39,1,0,0,0,0,0,1653.79,2042.27,0.716,2.08,0.782,False,,,0,0,,,,,,,
637,16,DEF,39,1,2.33333,83,0,0.01,8.66667,1653.79,2042.27,0.716,2.08,0.782,False,,,0,0,,,,,,,
638,16,DEF,39,1,0.333333,31.3333,0,0.00666667,3.33333,1653.79,2042.27,0.716,2.08,0.782,False,,,0,0,,,,,,,
639,16,DEF,39,1,0,0,,,0,1653.79,2042.27,0.716,2.08,0.782,False,,,0,0,,,,,,,
640,16,DEF,39,1,0,0,,,0,1653.79,2042.27,0.716,2.08,0.782,False,,,0,0,,,,,,,
641,16,DEF,39,1,0,0,,,0,1653.79,2042.27,0.716,2.08,0.782,False,,,0,0,,,,,,,
642,16,MID,39,1,0.333333,7.66667,0,0.02,0.333333,1653.79,2042.27,0.716,2.08,0.782,False,,,,,4.96667,0,0,0,,,
643,16,MID,39,1,2.33333,90,0.0133333,0.0766667,12.3333,1653.79,2042.27,0.716,2.08,0.782,False,,,,,29,2,0,0.333333,,,
644,16,MID,39,1,3.66667,62.3333,0.106667,0.0333333,6,1653.79,2042.27,0.716,2.08,0.782,False,,,,,2,9,0.333333,1.33333,,,
645,16,MID,39,1,0.333333,12,0.02,0.01,1,1653.79,2042.27,0.716,2.08,0.782,False,,,,,0.266667,0.333333,0,0,,,
646,16,MID,39,1,1.66667,58,0.085,0.02,8,1653.79,2042.27,0.716,2.08,0.782,False,,,,,4.1,6.33333,0.5,1,,,
647,16,MID,39,1,0,0,,,0,1653.79,2042.27,0.716,2.08,0.782,False,,,,,0,0,,,,,
648,16,MID,39,1,0.333333,1.66667,0.03,0,0.333333,1653.79,2042.27,0.716,2.08,0.782,False,,,,,0.166667,5.66667,0.5,0.5,,,
649,16,MID,39,1,0,0,,,0,1653.79,2042.27,0.716,2.08,0.782,False,,,,,0,0,,,,,
650,16,MID,39,1,0.333333,7,0,0,0.666667,1653.79,2042.27,0.716,2.08,0.782,False,,,,,0,0,0,0,,,
651,16,MID,39,1,0,0,,,0,1653.79,2042.27,0.716,2.08,0.782,False,,,,,0,0,,,,,
652,16,MID,39,1,0,0,,,0,1653.79,2042.27,0.716,2.08,0.782,False,,,,,0,0,,,,,
653,16,MID,39,1,0,0,,,0,1653.79,2042.27,0.716,2.08,0.782,False,,,,,0,0,,,,,
654,16,FWD,39,1,1.66667,82.6667,0.0366667,0,2.33333,1653.79,2042.27,0.716,2.08,0.782,False,,,,,,,,,0.0366667,0.333333,2
655,16,FWD,39,1,0,0,,,0,1653.79,2042.27,0.716,2.08,0.782,False,,,,,,,,,,,
656,16,FWD,39,1,0,0,,,0,1653.79,2042.27,0.716,2.08,0.782,False,,,,,,,,,,,
657,16,FWD,39,1,0,0,,,0,1653.79,2042.27,0.716,2.08,0.782,False,,,,,,,,,,,
658,16,FWD,39,1,0,0,,,0,1653.79,2042.27,0.716,2.08,0.782,False,,,,,,,,,,,
659,16,DEF,21,1,0,0,0,0,0,1740.52,1912.17,1.178,2.004,1.486,False,,,0,0.2,,,,,,,
660,16,MID,2,1,6,60,0.095,0.2,7,1731.86,1812.33,1.67,2.03,1.296,False,,,,,33.1,9.66667,0.5,2,,,
661,16,FWD,14,1,5,40.3333,0.363333,0.02,2,1933.28,1847.02,1.41,1.062,1.49,False,,,,,,,,,0.363333,1,3.66667
662,16,DEF,3,1,0.666667,44.3333,0,0.155,2.33333,2042.27,1653.79,1.732,0.782,2.08,False,,,0,0,,,,,,,
663,16,MID,39,1,1.66667,78.6667,0.203333,0.0133333,8.33333,1653.79,2042.27,0.716,2.08,0.782,False,,,,,2.53333,8,0,1.66667,,,
664,16,GKP,54,1,0,0,0,0,0,1777.06,1702.69,0.94,1.266,2.056,False,0,0,,,,,,,,,
665,16,GKP,2,1,2.33333,90,0,0,0,1731.86,1812.33,1.67,2.03,1.296,False,3.66667,0.256667,,,,,,,,,
666,16,FWD,3,1,0.666667,23.3333,0,0.01,0.666667,2042.27,1653.79,1.732,0.782,2.08,False,,,,,,,,,0,0,1
667,16,DEF,11,1,0,0,0,0,0,1817.24,1895.75,1.014,1.016,1.212,False,,,0,0,,,,,,,
668,16,MID,56,1,3.66667,84,0.0433333,0.0366667,9,1658.87,1880.38,0.61,1.908,1.646,False,,,,,12.7333,3,0,0.666667,,,
669,16,MID,17,1,1.66667,52,0.116667,0.0133333,3,1776.16,1826.74,1.258,1.284,1.052,False,,,,,9.26667,6.33333,0,2.33333,,,
670,16,GKP,56,1,1.66667,90,0,0.00666667,0,1658.87,1880.38,0.61,1.908,1.646,False,3.33333,0.303333,,,,,,,,,
671,16,FWD,21,1,2.66667,60.3333,0.0633333,0.0166667,2,1740.52,1912.17,1.178,2.004,1.486,False,,,,,,,,,0.0633333,0,3.66667
672,16,DEF,8,1,0,0,,,0,1895.75,1817.24,1.562,1.212,1.016,False,,,0,0,,,,,,,
673,16,MID,6,1,0.666667,28,0,0.03,3.66667,1826.74,1776.16,0.958,1.052,1.284,False,,,,,1.36667,0.666667,0,0.5,,,
674,16,GKP,4,1,1.66667,90,0,0,0,1880.38,1658.87,1.688,1.646,1.908,False,1,-0.163333,,,,,,,,,
675,16,GKP,17,1,0,0,,,0,1776.16,1826.74,1.258,1.284,1.052,False,0,,,,,,,,,,
676,16,MID,90,1,1.33333,46.3333,0.01,0.01,4.66667,1702.69,1777.06,0.988,2.056,1.266,False,,,,,12,4.33333,0,1.66667,,,
677,16,MID,7,1,2.66667,28.3333,0.295,0,1,1912.17,1740.52,1.85,1.486,2.004,False,,,,,3.4,14,1,1.5,,,
678,16,DEF,56,1,0,0,,,0,1658.87,1880.38,0.61,1.908,1.646,False,,,0,0,,,,,,,
679,16,GKP,21,1,0,0,0,0,0,1740.52,1912.17,1.178,2.004,1.486,False,0,0,,,,,,,,,
680,16,FWD,90,1,1.33333,34.3333,0.183333,0.00666667,2,1702.69,1777.06,0.988,2.056,1.266,False,,,,,,,,,0.183333,0.666667,1.66667
681,16,FWD,1,1,0,0,,,0,1835.53,1806.95,1.886,0.832,1.172,False,,,,,,,,,,,
682,16,DEF,39,1,2,85.3333,0,0.0666667,4.33333,1653.79,2042.27,0.716,2.08,0.782,False,,,0,0.2,,,,,,,
683,16,DEF,56,1,1.66667,90,0.0333333,0.0633333,10,1658.87,1880.38,0.61,1.908,1.646,False,,,0,0,,,,,,,
684,16,DEF,4,1,6.33333,90,0.146667,0.01,6,1880.38,1658.87,1.688,1.646,1.908,False,,,0,0.4,,,,,,,
685,16,DEF,91,1,3.66667,90,0.00666667,0.01,7.66667,1806.95,1835.53,1.86,1.172,0.832,False,,,0.2,0,,,,,,,
686,16,MID,14,1,0,0,0,0,0,1933.28,1847.02,1.41,1.062,1.49,False,,,,,0,0,0,0,,,
687,16,MID,91,1,0,0,,,0,1806.95,1835.53,1.86,1.172,0.832,False,,,,,0,0,,,,,
688,16,GKP,7,1,0,0,,,0,1912.17,1740.52,1.85,1.486,2.004,False,0,,,,,,,,,,
689,16,MID,4,1,0,0,,,0,1880.38,1658.87,1.688,1.646,1.908,False,,,,,0,0,,,,,
690,16,MID,31,1,0,0,,,0,1855.57,1983.81,1.218,1.008,1.206,False,,,,,0,0,,,,,
691,16,FWD,2,1,7.33333,73.3333,0.753333,0.00666667,3.33333,1731.86,1812.33,1.67,2.03,1.296,False,,,,,,,,,0.753333,1,5
692,16,DEF,14,1,0,0,,,0,1933.28,1847.02,1.41,1.062,1.49,False,,,0,0,,,,,,,
693,16,MID,17,1,3,75,0.0466667,0.27,4.33333,1776.16,1826.74,1.258,1.284,1.052,False,,,,,32.6,10.6667,0.333333,2.33333,,,
694,16,DEF,56,1,0.333333,90,0,0.0666667,9,1658.87,1880.38,0.61,1.908,1.646,False,,,0,0.2,,,,,,,
695,16,DEF,39,1,1.66667,58,0,0.206667,2.66667,1653.79,2042.27,0.716,2.08,0.782,False,,,0,0,,,,,,,
696,16,FWD,17,1,0.333333,5,0,0,0.666667,1776.16,1826.74,1.258,1.284,1.052,False,,,,,,,,,0,0,0
697,16,MID,91,1,3,48.3333,0.12,0.00666667,5.33333,1806.95,1835.53,1.86,1.172,0.832,False,,,,,6.63333,9,0.333333,2,,,
698,16,MID,2,1,2.33333,31.6667,0.203333,0.02,1.66667,1731.86,1812.33,1.67,2.03,1.296,False,,,,,3.63333,15.3333,0.333333,2,,,
699,16,MID,17,1,0,0,,,0,1776.16,1826.74,1.258,1.284,1.052,False,,,,,0,0,,,,,
700,16,MID,3,1,0,0,,,0,2042.27,1653.79,1.732,0.782,2.08,False,,,,,0,0,,,,,
701,16,DEF,7,1,0,0,,,0,1912.17,1740.52,1.85,1.486,2.004,False,,,0,0,,,,,,,
702,16,MID,7,1,0,0,,,0,1912.17,1740.52,1.85,1.486,2.004,False,,,,,0,0,,,,,
703,16,GKP,7,1,0,0,,,0,1912.17,1740.52,1.85,1.486,2.004,False,0,,,,,,,,,,
704,16,MID,11,1,0,0,,,0,1817.24,1895.75,1.014,1.016,1.212,False,,,,,0,0,,,,,
705,16,DEF,11,1,0,0,,,0,1817.24,1895.75,1.014,1.016,1.212,False,,,0,0,,,,,,,
706,16,DEF,2,1,0.666667,23.6667,0,0,2,1731.86,1812.33,1.67,2.03,1.296,False,,,0,0,,,,,,,
707,16,MID,11,1,0.666667,4.66667,0,0.005,1,1817.24,1895.75,1.014,1.016,1.212,False,,,,,4.13333,1.33333,0,1,,,
708,16,MID,21,1,3.66667,87,0.0466667,0.0866667,13.6667,1740.52,1912.17,1.178,2.004,1.486,False,,,,,28.4333,2,0,0.333333,,,
709,16,DEF,39,1,0.333333,30,0.05,0.01,3.66667,1653.79,2042.27,0.716,2.08,0.782,False,,,0,0,,,,,,,
710,16,DEF,7,1,0,0,,,0,1912.17,1740.52,1.85,1.486,2.004,False,,,0,0,,,,,,,
711,16,MID,3,1,0,0,,,0,2042.27,1653.79,1.732,0.782,2.08,False,,,,,0,0,,,,,
712,16,MID,31,1,3.33333,76.6667,0.14,0.3,5.33333,1855.57,1983.81,1.218,1.008,1.206,False,,,,,29.7667,7.66667,0,2,,,
713,16,DEF,91,1,3.33333,54.3333,0.0466667,0.02,3.66667,1806.95,1835.53,1.86,1.172,0.832,False,,,0.2,0,,,,,,,
714,16,FWD,4,1,4.66667,84,0.346667,0.05,5.66667,1880.38,1658.87,1.688,1.646,1.908,False,,,,,,,,,0.346667,1,5.66667
715,16,GKP,17,1,0,0,,,0,1776.16,1826.74,1.258,1.284,1.052,False,0,,,,,,,,,,
716,16,DEF,17,1,2,75,0.0166667,0.0233333,3.33333,1776.16,1826.74,1.258,1.284,1.052,False,,,0.4,0.2,,,,,,,
717,16,MID,6,1,5.33333,44.3333,0.163333,0.21,3,1826.74,1776.16,0.958,1.052,1.284,False,,,,,6.43333,14.6667,0.666667,1.66667,,,
718,16,MID,21,1,4.33333,55,0.0933333,0.00666667,8,1740.52,1912.17,1.178,2.004,1.486,False,,,,,4.8,7,0.333333,0.666667,,,
719,16,DEF,7,1,0.333333,1.33333,0,0,0,1912.17,1740.52,1.85,1.486,2.004,False,,,0,0,,,,,,,
720,16,FWD,39,1,1,10.6667,0.0133333,0.00333333,0.333333,1653.79,2042.27,0.716,2.08,0.782,False,,,,,,,,,0.0133333,0,0.666667
721,16,DEF,91,1,1.33333,30,0.115,0.005,3.33333,1806.95,1835.53,1.86,1.172,0.832,False,,,0,0,,,,,,,
722,16,MID,90,1,3,69.3333,0,0.0233333,10.3333,1702.69,1777.06,0.988,2.056,1.266,False,,,,,10.8333,0,0,0,,,
723,16,DEF,31,1,0.666667,5,0,0,0.333333,1855.57,1983.81,1.218,1.008,1.206,False,,,0.2,0,,,,,,,
724,16,DEF,56,1,1,35,0,0.00333333,3.33333,1658.87,1880.38,0.61,1.908,1.646,False,,,0,0,,,,,,,
725,16,DEF,3,1,4,90,0,0.15,9.66667,2042.27,1653.79,1.732,0.782,2.08,False,,,0.2,0,,,,,,,
726,16,FWD,6,1,1.66667,79.6667,0.176667,0.0266667,4.66667,1826.74,1776.16,0.958,1.052,1.284,False,,,,,,,,,0.176667,0.333333,4.66667
727,16,MID,54,1,6.33333,66.6667,0.136667,0.25,6.33333,1777.06,1702.69,0.94,1.266,2.056,False,,,,,13.7667,23,0.666667,4.33333,,,
728,16,MID,11,1,0,0,,,0,1817.24,1895.75,1.014,1.016,1.212,False,,,,,0,0,,,,,
729,16,DEF,17,1,0,0,,,0,1776.16,1826.74,1.258,1.284,1.052,False,,,0,0,,,,,,,
730,16,FWD,56,1,3,40.6667,0.0433333,0.01,1,1658.87,1880.38,0.61,1.908,1.646,False,,,,,,,,,0.0433333,0.666667,1
731,16,MID,54,1,1,13,0.0266667,0.0666667,1.66667,1777.06,1702.69,0.94,1.266,2.056,False,,,,,7.36667,7,0.333333,2,,,
732,16,FWD,31,1,0.666667,12,0.145,0,0.666667,1855.57,1983.81,1.218,1.008,1.206,False,,,,,,,,,0.145,0.5,1.5
733,16,GKP,1,1,2,90,0,0,0,1835.53,1806.95,1.886,0.832,1.172,False,1.33333,0.1,,,,,,,,,
734,16,MID,17,1,0,0,,,0,1776.16,1826.74,1.258,1.284,1.052,False,,,,,0,0,,,,,
735,16,MID,56,1,3,39,0.035,0.035,3.66667,1658.87,1880.38,0.61,1.908,1.646,False,,,,,11.1,11,1,2,,,
736,16,GKP,43,1,3.66667,90,0,0,0,1983.81,1855.57,2.324,1.206,1.008,False,1,-0.336667,,,,,,,,,
737,16,FWD,54,1,0.333333,5.66667,0,0.005,0,1777.06,1702.69,0.94,1.266,2.056,False,,,,,,,,,0,0,1.5
738,16,GKP,21,1,0,0,,,0,1740.52,1912.17,1.178,2.004,1.486,False,0,,,,,,,,,,
739,16,MID,43,1,0,0,,,0,1983.81,1855.57,2.324,1.206,1.008,False,,,,,0,0,,,,,
740,16,DEF,43,1,0,0,,,0,1983.81,1855.57,2.324,1.206,1.008,False,,,0,0,,,,,,,
741,16,FWD,2,1,0,0,,,0,1731.86,1812.33,1.67,2.03,1.296,False,,,,,,,,,,,
742,16,MID,43,1,0,0,,,0,1983.81,1855.57,2.324,1.206,1.008,False,,,,,0,0,,,,,
743,16,MID,8,1,0,0,,,0,1895.75,1817.24,1.562,1.212,1.016,False,,,,,0,0,,,,,
744,16,MID,36,1,0,0,,,0,1847.02,1933.28,1.436,1.49,1.062,False,,,,,0,0,,,,,
745,16,DEF,6,1,0,0,,,0,1826.74,1776.16,0.958,1.052,1.284,False,,,0,0,,,,,,,
746,16,MID,14,1,0,0,,,0,1933.28,1847.02,1.41,1.062,1.49,False,,,,,0,0,,,,,
747,16,DEF,21,1,0.333333,2.33333,0,0,0.666667,1740.52,1912.17,1.178,2.004,1.486,False,,,0,0,,,,,,,
748,16,MID,94,1,0,0,,,0,1812.33,1731.86,1.59,1.296,2.03,False,,,,,0,0,,,,,
749,16,FWD,39,1,1,14,0.01,0.00333333,2.33333,1653.79,2042.27,0.716,2.08,0.782,False,,,,,,,,,0.01,0.333333,1
750,16,DEF,6,1,0,0,,,0,1826.74,1776.16,0.958,1.052,1.284,False,,,0,0,,,,,,,
751,16,MID,6,1,0,0,,,0,1826.74,1776.16,0.958,1.052,1.284,False,,,,,0,0,,,,,
752,16,DEF,21,1,0,0,,,0,1740.52,1912.17,1.178,2.004,1.486,False,,,0,0,,,,,,,
753,16,GKP,4,1,0,0,,,0,1880.38,1658.87,1.688,1.646,1.908,False,0,,,,,,,,,,
754,16,MID,7,1,0,0,,,0,1912.17,1740.52,1.85,1.486,2.004,False,,,,,0,0,,,,,
755,16,MID,1,1,0,0,,,0,1835.53,1806.95,1.886,0.832,1.172,False,,,,,0,0,,,,,
756,16,MID,91,1,0,0,,,0,1806.95,1835.53,1.86,1.172,0.832,False,,,,,0,0,,,,,
757,16,GKP,7,1,0,0,,,0,1912.17,1740.52,1.85,1.486,2.004,False,0,,,,,,,,,,
758,16,MID,21,1,0.333333,2.33333,0.05,0,0,1740.52,1912.17,1.178,2.004,1.486,False,,,,,0,1.33333,0,1,,,
759,16,DEF,3,1,0,0,,,0,2042.27,1653.79,1.732,0.782,2.08,False,,,0,0,,,,,,,
760,16,DEF,14,1,,,,,,1933.28,1847.02,1.41,1.062,1.49,False,,,,,,,,,,,
